product_id,product_name,date,units_sold,avg_price,temperature,humidity,rainfall_mm,category,shelf_life_days,unit
P001,Fresh Tomatoes,01/01/2024,64,25.4,29.6904273,60,18.46,Vegetable,7,kg
P001,Fresh Tomatoes,02/01/2024,218,40.36,20.82949912,53,16.25,Vegetable,7,kg
P001,Fresh Tomatoes,03/01/2024,126,23.4,31.87664014,68,11.85,Vegetable,7,kg
P001,Fresh Tomatoes,04/01/2024,176,33.23,36.79086512,64,1.08,Vegetable,7,kg
P001,Fresh Tomatoes,05/01/2024,151,39.79,27.89259517,67,7.08,Vegetable,7,kg
P001,Fresh Tomatoes,06/01/2024,64,41.87,24.8222084,52,9.76,Vegetable,7,kg
P001,Fresh Tomatoes,07/01/2024,74,27.94,39.28017019,65,6.87,Vegetable,7,kg
P001,Fresh Tomatoes,08/01/2024,180,12.28,36.16836726,90,6.45,Vegetable,7,kg
P001,Fresh Tomatoes,09/01/2024,62,18.22,34.91239898,58,3.53,Vegetable,7,kg
P001,Fresh Tomatoes,10/01/2024,65,26.61,20.31139173,62,9.43,Vegetable,7,kg
P001,Fresh Tomatoes,11/01/2024,156,42.13,24.28260123,66,0.1,Vegetable,7,kg
P001,Fresh Tomatoes,12/01/2024,151,29.55,32.73920964,79,11.13,Vegetable,7,kg
P001,Fresh Tomatoes,13/01/2024,49,36.41,25.80115655,60,8.04,Vegetable,7,kg
P001,Fresh Tomatoes,14/01/2024,110,13.93,38.43933308,51,8.57,Vegetable,7,kg
P001,Fresh Tomatoes,15/01/2024,191,28.04,30.56189715,87,19.68,Vegetable,7,kg
P001,Fresh Tomatoes,16/01/2024,55,49.66,41.42522734,72,0.09,Vegetable,7,kg
P001,Fresh Tomatoes,17/01/2024,205,11.19,38.37187844,73,4.51,Vegetable,7,kg
P001,Fresh Tomatoes,18/01/2024,54,16.82,32.7416364,78,7.24,Vegetable,7,kg
P001,Fresh Tomatoes,19/01/2024,83,44.35,32.98992697,89,7.55,Vegetable,7,kg
P001,Fresh Tomatoes,20/01/2024,97,18.43,39.90198566,59,12.54,Vegetable,7,kg
P001,Fresh Tomatoes,21/01/2024,207,20.81,33.05083165,90,10.48,Vegetable,7,kg
P001,Fresh Tomatoes,22/01/2024,94,18.32,32.83980388,67,19.71,Vegetable,7,kg
P001,Fresh Tomatoes,23/01/2024,138,10.78,37.56063872,50,9.05,Vegetable,7,kg
P001,Fresh Tomatoes,24/01/2024,132,34.96,29.53754026,87,2.8,Vegetable,7,kg
P001,Fresh Tomatoes,25/01/2024,233,35.77,26.31067872,90,15.67,Vegetable,7,kg
P001,Fresh Tomatoes,26/01/2024,80,37.61,30.54197543,59,10.53,Vegetable,7,kg
P001,Fresh Tomatoes,27/01/2024,81,22.7,24.15295797,70,0.99,Vegetable,7,kg
P001,Fresh Tomatoes,28/01/2024,206,38.25,30.71095167,69,4.78,Vegetable,7,kg
P001,Fresh Tomatoes,29/01/2024,112,39.13,40.16637508,86,4.44,Vegetable,7,kg
P001,Fresh Tomatoes,30/01/2024,112,29.11,37.40949726,56,12.84,Vegetable,7,kg
P001,Fresh Tomatoes,31/01/2024,137,38.85,24.01141693,76,5,Vegetable,7,kg
P001,Fresh Tomatoes,01/02/2024,68,49.16,32.22469355,89,19.67,Vegetable,7,kg
P001,Fresh Tomatoes,02/02/2024,208,25.93,29.59302444,71,6.21,Vegetable,7,kg
P001,Fresh Tomatoes,03/02/2024,72,39.24,34.74042137,56,16.22,Vegetable,7,kg
P001,Fresh Tomatoes,04/02/2024,151,32.27,30.23937495,56,11.63,Vegetable,7,kg
P001,Fresh Tomatoes,05/02/2024,184,47.55,21.70445506,58,6.44,Vegetable,7,kg
P001,Fresh Tomatoes,06/02/2024,161,40.22,34.59474894,79,7.47,Vegetable,7,kg
P001,Fresh Tomatoes,07/02/2024,151,33.75,21.8845249,59,5.44,Vegetable,7,kg
P001,Fresh Tomatoes,08/02/2024,172,19.16,26.40487822,62,11.43,Vegetable,7,kg
P001,Fresh Tomatoes,09/02/2024,177,35.86,21.42407211,76,13.44,Vegetable,7,kg
P001,Fresh Tomatoes,10/02/2024,56,26.48,36.17358893,86,19.18,Vegetable,7,kg
P001,Fresh Tomatoes,11/02/2024,219,35.4,20.37680447,87,8.19,Vegetable,7,kg
P001,Fresh Tomatoes,12/02/2024,97,17.77,34.10029077,74,15.85,Vegetable,7,kg
P001,Fresh Tomatoes,13/02/2024,95,47.65,22.08596106,65,4.34,Vegetable,7,kg
P001,Fresh Tomatoes,14/02/2024,133,23.75,31.40929496,54,9.65,Vegetable,7,kg
P001,Fresh Tomatoes,15/02/2024,82,20.06,32.35197339,83,12.44,Vegetable,7,kg
P001,Fresh Tomatoes,16/02/2024,58,36.72,42.19212932,73,5.29,Vegetable,7,kg
P001,Fresh Tomatoes,17/02/2024,108,31.05,28.91980171,71,7.14,Vegetable,7,kg
P001,Fresh Tomatoes,18/02/2024,115,16.54,38.44346739,87,18.04,Vegetable,7,kg
P001,Fresh Tomatoes,19/02/2024,108,38.33,27.90951123,84,4.74,Vegetable,7,kg
P001,Fresh Tomatoes,20/02/2024,58,49.48,32.89282893,51,6.52,Vegetable,7,kg
P001,Fresh Tomatoes,21/02/2024,51,14.11,26.70140877,63,8.07,Vegetable,7,kg
P001,Fresh Tomatoes,22/02/2024,97,33.05,25.54010902,67,13.61,Vegetable,7,kg
P001,Fresh Tomatoes,23/02/2024,85,43.77,20.6219576,84,15.69,Vegetable,7,kg
P001,Fresh Tomatoes,24/02/2024,130,31.57,21.41524662,51,3.58,Vegetable,7,kg
P001,Fresh Tomatoes,25/02/2024,143,42.89,23.12060806,70,2.73,Vegetable,7,kg
P001,Fresh Tomatoes,26/02/2024,141,22.07,39.16016289,83,5.44,Vegetable,7,kg
P001,Fresh Tomatoes,27/02/2024,159,23.83,33.30567081,68,13.97,Vegetable,7,kg
P001,Fresh Tomatoes,28/02/2024,111,15.39,28.86608363,68,2.06,Vegetable,7,kg
P001,Fresh Tomatoes,29/02/2024,145,47.74,36.17054133,61,1.87,Vegetable,7,kg
P001,Fresh Tomatoes,01/03/2024,99,39.34,35.02615521,70,18.18,Vegetable,7,kg
P001,Fresh Tomatoes,02/03/2024,140,32.43,24.38643774,85,11.36,Vegetable,7,kg
P001,Fresh Tomatoes,03/03/2024,117,32.99,22.35844255,65,9.05,Vegetable,7,kg
P001,Fresh Tomatoes,04/03/2024,118,34.81,23.9307428,50,8.68,Vegetable,7,kg
P001,Fresh Tomatoes,05/03/2024,158,30.04,41.2558957,73,6.9,Vegetable,7,kg
P001,Fresh Tomatoes,06/03/2024,178,17.68,36.50027812,64,7.05,Vegetable,7,kg
P001,Fresh Tomatoes,07/03/2024,135,16.59,38.06508056,56,4.34,Vegetable,7,kg
P001,Fresh Tomatoes,08/03/2024,58,18.87,31.30098445,67,15.76,Vegetable,7,kg
P001,Fresh Tomatoes,09/03/2024,62,27.16,29.44154058,83,0.02,Vegetable,7,kg
P001,Fresh Tomatoes,10/03/2024,144,38.16,33.84369884,56,7.56,Vegetable,7,kg
P001,Fresh Tomatoes,11/03/2024,133,46.65,37.32817735,84,8.63,Vegetable,7,kg
P001,Fresh Tomatoes,12/03/2024,64,47.29,19.56326363,58,19.73,Vegetable,7,kg
P001,Fresh Tomatoes,13/03/2024,89,15.44,33.88600738,51,4.41,Vegetable,7,kg
P001,Fresh Tomatoes,14/03/2024,77,18.08,36.14425515,69,17.76,Vegetable,7,kg
P001,Fresh Tomatoes,15/03/2024,151,24.1,27.48885149,65,14.3,Vegetable,7,kg
P001,Fresh Tomatoes,16/03/2024,196,17.01,29.65040706,87,15.77,Vegetable,7,kg
P001,Fresh Tomatoes,17/03/2024,80,29.55,28.05549266,80,1.93,Vegetable,7,kg
P001,Fresh Tomatoes,18/03/2024,135,18.53,33.23798868,88,2.3,Vegetable,7,kg
P001,Fresh Tomatoes,19/03/2024,78,42.62,22.48637539,84,6.5,Vegetable,7,kg
P001,Fresh Tomatoes,20/03/2024,166,31.21,22.8768642,59,0.7,Vegetable,7,kg
P001,Fresh Tomatoes,21/03/2024,163,10.39,19.47886448,77,11.06,Vegetable,7,kg
P001,Fresh Tomatoes,22/03/2024,48,12.18,34.92100789,88,6.48,Vegetable,7,kg
P001,Fresh Tomatoes,23/03/2024,171,26.75,22.1500378,50,4.56,Vegetable,7,kg
P001,Fresh Tomatoes,24/03/2024,145,19.79,27.68959714,90,13.02,Vegetable,7,kg
P001,Fresh Tomatoes,25/03/2024,127,27,31.91999942,64,0.35,Vegetable,7,kg
P001,Fresh Tomatoes,26/03/2024,118,47.11,25.84993962,86,13.5,Vegetable,7,kg
P001,Fresh Tomatoes,27/03/2024,116,27.66,35.76307665,70,4.04,Vegetable,7,kg
P001,Fresh Tomatoes,28/03/2024,165,16.31,30.92758374,88,14.55,Vegetable,7,kg
P001,Fresh Tomatoes,29/03/2024,206,41.49,26.46801418,54,15.59,Vegetable,7,kg
P001,Fresh Tomatoes,30/03/2024,209,27.34,25.61311751,62,12.96,Vegetable,7,kg
P002,Spinach Bunch,01/01/2024,107,45.63,29.60825573,60,18.46,Vegetable,2,kg
P002,Spinach Bunch,02/01/2024,124,32.21,19.78481775,53,16.25,Vegetable,2,kg
P002,Spinach Bunch,03/01/2024,100,20.87,32.46615428,68,11.85,Vegetable,2,kg
P002,Spinach Bunch,04/01/2024,204,26.37,31.27625348,64,1.08,Vegetable,2,kg
P002,Spinach Bunch,05/01/2024,156,18.24,28.17612418,67,7.08,Vegetable,2,kg
P002,Spinach Bunch,06/01/2024,149,49.74,24.46461042,52,9.76,Vegetable,2,kg
P002,Spinach Bunch,07/01/2024,58,38.63,35.83766461,65,6.87,Vegetable,2,kg
P002,Spinach Bunch,08/01/2024,138,36.33,37.08471174,90,6.45,Vegetable,2,kg
P002,Spinach Bunch,09/01/2024,134,28.26,39.80042909,58,3.53,Vegetable,2,kg
P002,Spinach Bunch,10/01/2024,60,38.34,20.21770194,62,9.43,Vegetable,2,kg
P002,Spinach Bunch,11/01/2024,105,44.45,22.66341652,66,0.1,Vegetable,2,kg
P002,Spinach Bunch,12/01/2024,117,22.66,32.6000661,79,11.13,Vegetable,2,kg
P002,Spinach Bunch,13/01/2024,104,48.57,27.00200057,60,8.04,Vegetable,2,kg
P002,Spinach Bunch,14/01/2024,106,26.94,36.5501945,51,8.57,Vegetable,2,kg
P002,Spinach Bunch,15/01/2024,100,15.33,29.36109459,87,19.68,Vegetable,2,kg
P002,Spinach Bunch,16/01/2024,88,22.14,41.49202468,72,0.09,Vegetable,2,kg
P002,Spinach Bunch,17/01/2024,105,21.06,39.51022319,73,4.51,Vegetable,2,kg
P002,Spinach Bunch,18/01/2024,123,11.89,33.07337379,78,7.24,Vegetable,2,kg
P002,Spinach Bunch,19/01/2024,170,25.99,28.65770471,89,7.55,Vegetable,2,kg
P002,Spinach Bunch,20/01/2024,113,35.03,39.55190678,59,12.54,Vegetable,2,kg
P002,Spinach Bunch,21/01/2024,51,12.94,36.71529617,90,10.48,Vegetable,2,kg
P002,Spinach Bunch,22/01/2024,147,12.62,34.71511334,67,19.71,Vegetable,2,kg
P002,Spinach Bunch,23/01/2024,163,15.49,38.24936041,50,9.05,Vegetable,2,kg
P002,Spinach Bunch,24/01/2024,161,31.02,33.04816254,87,2.8,Vegetable,2,kg
P002,Spinach Bunch,25/01/2024,65,19.76,27.75818033,90,15.67,Vegetable,2,kg
P002,Spinach Bunch,26/01/2024,64,24.38,29.05400957,59,10.53,Vegetable,2,kg
P002,Spinach Bunch,27/01/2024,51,17.39,21.24403782,70,0.99,Vegetable,2,kg
P002,Spinach Bunch,28/01/2024,91,21.2,32.79850001,69,4.78,Vegetable,2,kg
P002,Spinach Bunch,29/01/2024,126,33.04,36.31141011,86,4.44,Vegetable,2,kg
P002,Spinach Bunch,30/01/2024,57,24.14,34.33806582,56,12.84,Vegetable,2,kg
P002,Spinach Bunch,31/01/2024,78,22.92,21.53773172,76,5,Vegetable,2,kg
P002,Spinach Bunch,01/02/2024,143,28.86,32.39509995,89,19.67,Vegetable,2,kg
P002,Spinach Bunch,02/02/2024,138,18.53,25.27216883,71,6.21,Vegetable,2,kg
P002,Spinach Bunch,03/02/2024,151,38.67,36.78178325,56,16.22,Vegetable,2,kg
P002,Spinach Bunch,04/02/2024,106,31.45,32.27418723,56,11.63,Vegetable,2,kg
P002,Spinach Bunch,05/02/2024,149,28.31,23.31184791,58,6.44,Vegetable,2,kg
P002,Spinach Bunch,06/02/2024,117,36.14,32.33786827,79,7.47,Vegetable,2,kg
P002,Spinach Bunch,07/02/2024,113,22.51,19.68135635,59,5.44,Vegetable,2,kg
P002,Spinach Bunch,08/02/2024,171,24.05,22.79193966,62,11.43,Vegetable,2,kg
P002,Spinach Bunch,09/02/2024,71,13.89,18.69506492,76,13.44,Vegetable,2,kg
P002,Spinach Bunch,10/02/2024,159,36.03,32.91265732,86,19.18,Vegetable,2,kg
P002,Spinach Bunch,11/02/2024,49,20.94,20.38625594,87,8.19,Vegetable,2,kg
P002,Spinach Bunch,12/02/2024,104,13.8,36.77105102,74,15.85,Vegetable,2,kg
P002,Spinach Bunch,13/02/2024,163,37.18,23.42222011,65,4.34,Vegetable,2,kg
P002,Spinach Bunch,14/02/2024,90,17.59,32.78588306,54,9.65,Vegetable,2,kg
P002,Spinach Bunch,15/02/2024,99,12.43,34.38307345,83,12.44,Vegetable,2,kg
P002,Spinach Bunch,16/02/2024,67,22.69,41.65923788,73,5.29,Vegetable,2,kg
P002,Spinach Bunch,17/02/2024,180,20.2,30.09254247,71,7.14,Vegetable,2,kg
P002,Spinach Bunch,18/02/2024,80,32.59,39.8383284,87,18.04,Vegetable,2,kg
P002,Spinach Bunch,19/02/2024,229,21.67,25.78693047,84,4.74,Vegetable,2,kg
P002,Spinach Bunch,20/02/2024,173,36.86,32.6594049,51,6.52,Vegetable,2,kg
P002,Spinach Bunch,21/02/2024,100,16.72,22.42283513,63,8.07,Vegetable,2,kg
P002,Spinach Bunch,22/02/2024,55,33,27.80034525,67,13.61,Vegetable,2,kg
P002,Spinach Bunch,23/02/2024,116,38.84,20.51414285,84,15.69,Vegetable,2,kg
P002,Spinach Bunch,24/02/2024,68,45.63,19.77553965,51,3.58,Vegetable,2,kg
P002,Spinach Bunch,25/02/2024,153,31.04,21.82510444,70,2.73,Vegetable,2,kg
P002,Spinach Bunch,26/02/2024,139,47.44,35.19024695,83,5.44,Vegetable,2,kg
P002,Spinach Bunch,27/02/2024,173,10.39,30.52611407,68,13.97,Vegetable,2,kg
P002,Spinach Bunch,28/02/2024,126,11.67,31.30600364,68,2.06,Vegetable,2,kg
P002,Spinach Bunch,29/02/2024,127,29.13,33.66476453,61,1.87,Vegetable,2,kg
P002,Spinach Bunch,01/03/2024,194,17.08,31.96850392,70,18.18,Vegetable,2,kg
P002,Spinach Bunch,02/03/2024,152,39.87,19.89052591,85,11.36,Vegetable,2,kg
P002,Spinach Bunch,03/03/2024,97,16.07,26.62456849,65,9.05,Vegetable,2,kg
P002,Spinach Bunch,04/03/2024,86,21.79,22.9750532,50,8.68,Vegetable,2,kg
P002,Spinach Bunch,05/03/2024,72,20.14,40.17216164,73,6.9,Vegetable,2,kg
P002,Spinach Bunch,06/03/2024,162,32.24,38.66476386,64,7.05,Vegetable,2,kg
P002,Spinach Bunch,07/03/2024,186,35.54,38.61881964,56,4.34,Vegetable,2,kg
P002,Spinach Bunch,08/03/2024,130,37.16,32.51012482,67,15.76,Vegetable,2,kg
P002,Spinach Bunch,09/03/2024,189,28.12,27.56177477,83,0.02,Vegetable,2,kg
P002,Spinach Bunch,10/03/2024,57,46.59,35.14233054,56,7.56,Vegetable,2,kg
P002,Spinach Bunch,11/03/2024,185,44.58,38.23083793,84,8.63,Vegetable,2,kg
P002,Spinach Bunch,12/03/2024,143,35.17,18.6464121,58,19.73,Vegetable,2,kg
P002,Spinach Bunch,13/03/2024,42,45.7,33.25777523,51,4.41,Vegetable,2,kg
P002,Spinach Bunch,14/03/2024,66,36.56,37.24703814,69,17.76,Vegetable,2,kg
P002,Spinach Bunch,15/03/2024,103,22.17,27.58367353,65,14.3,Vegetable,2,kg
P002,Spinach Bunch,16/03/2024,218,41.64,29.63894145,87,15.77,Vegetable,2,kg
P002,Spinach Bunch,17/03/2024,69,42.04,26.97451553,80,1.93,Vegetable,2,kg
P002,Spinach Bunch,18/03/2024,132,46.3,33.70432088,88,2.3,Vegetable,2,kg
P002,Spinach Bunch,19/03/2024,122,24.11,22.7849633,84,6.5,Vegetable,2,kg
P002,Spinach Bunch,20/03/2024,50,19.74,19.34172967,59,0.7,Vegetable,2,kg
P002,Spinach Bunch,21/03/2024,123,11.58,18.65875652,77,11.06,Vegetable,2,kg
P002,Spinach Bunch,22/03/2024,193,30.32,36.39619978,88,6.48,Vegetable,2,kg
P002,Spinach Bunch,23/03/2024,84,44.88,19.70982802,50,4.56,Vegetable,2,kg
P002,Spinach Bunch,24/03/2024,168,36.27,29.70665942,90,13.02,Vegetable,2,kg
P002,Spinach Bunch,25/03/2024,194,26.48,30.75557321,64,0.35,Vegetable,2,kg
P002,Spinach Bunch,26/03/2024,126,27.25,23.44913822,86,13.5,Vegetable,2,kg
P002,Spinach Bunch,27/03/2024,149,29.08,31.42952165,70,4.04,Vegetable,2,kg
P002,Spinach Bunch,28/03/2024,222,18.88,34.65377242,88,14.55,Vegetable,2,kg
P002,Spinach Bunch,29/03/2024,130,49.68,27.1478897,54,15.59,Vegetable,2,kg
P002,Spinach Bunch,30/03/2024,97,14.74,27.79002059,62,12.96,Vegetable,2,kg
P003,Broccoli,01/01/2024,232,10.16,27.90723907,60,18.46,Vegetable,3,kg
P003,Broccoli,02/01/2024,178,42.63,19.97166828,53,16.25,Vegetable,3,kg
P003,Broccoli,03/01/2024,199,14.65,29.55154849,68,11.85,Vegetable,3,kg
P003,Broccoli,04/01/2024,199,10.28,33.82055092,64,1.08,Vegetable,3,kg
P003,Broccoli,05/01/2024,84,23.65,26.2248043,67,7.08,Vegetable,3,kg
P003,Broccoli,06/01/2024,169,19.41,24.22553373,52,9.76,Vegetable,3,kg
P003,Broccoli,07/01/2024,183,37.65,33.98024073,65,6.87,Vegetable,3,kg
P003,Broccoli,08/01/2024,186,36.83,39.72329975,90,6.45,Vegetable,3,kg
P003,Broccoli,09/01/2024,57,39.89,40.14301701,58,3.53,Vegetable,3,kg
P003,Broccoli,10/01/2024,54,48.77,20.64596728,62,9.43,Vegetable,3,kg
P003,Broccoli,11/01/2024,166,15.7,27.22625052,66,0.1,Vegetable,3,kg
P003,Broccoli,12/01/2024,110,15.21,30.55800437,79,11.13,Vegetable,3,kg
P003,Broccoli,13/01/2024,131,45.15,30.23857942,60,8.04,Vegetable,3,kg
P003,Broccoli,14/01/2024,71,14.06,35.24281712,51,8.57,Vegetable,3,kg
P003,Broccoli,15/01/2024,50,23.27,30.79964154,87,19.68,Vegetable,3,kg
P003,Broccoli,16/01/2024,202,23.67,37.86868232,72,0.09,Vegetable,3,kg
P003,Broccoli,17/01/2024,76,46.34,40.54171132,73,4.51,Vegetable,3,kg
P003,Broccoli,18/01/2024,51,46.71,28.59506527,78,7.24,Vegetable,3,kg
P003,Broccoli,19/01/2024,146,37.49,29.71231079,89,7.55,Vegetable,3,kg
P003,Broccoli,20/01/2024,222,43.56,38.51425295,59,12.54,Vegetable,3,kg
P003,Broccoli,21/01/2024,50,32.73,34.09463857,90,10.48,Vegetable,3,kg
P003,Broccoli,22/01/2024,183,12.8,35.66219747,67,19.71,Vegetable,3,kg
P003,Broccoli,23/01/2024,121,29.09,33.49732627,50,9.05,Vegetable,3,kg
P003,Broccoli,24/01/2024,117,37.48,30.69710133,87,2.8,Vegetable,3,kg
P003,Broccoli,25/01/2024,133,14.24,26.8238609,90,15.67,Vegetable,3,kg
P003,Broccoli,26/01/2024,56,43.51,30.46018581,59,10.53,Vegetable,3,kg
P003,Broccoli,27/01/2024,73,34.78,21.20882966,70,0.99,Vegetable,3,kg
P003,Broccoli,28/01/2024,134,20.27,32.70686767,69,4.78,Vegetable,3,kg
P003,Broccoli,29/01/2024,150,14,40.62048071,86,4.44,Vegetable,3,kg
P003,Broccoli,30/01/2024,167,36.34,37.88571324,56,12.84,Vegetable,3,kg
P003,Broccoli,31/01/2024,93,42.39,24.70682649,76,5,Vegetable,3,kg
P003,Broccoli,01/02/2024,131,28.93,32.9158623,89,19.67,Vegetable,3,kg
P003,Broccoli,02/02/2024,161,16.07,27.95519726,71,6.21,Vegetable,3,kg
P003,Broccoli,03/02/2024,133,20,38.04002192,56,16.22,Vegetable,3,kg
P003,Broccoli,04/02/2024,53,35.81,32.7310579,56,11.63,Vegetable,3,kg
P003,Broccoli,05/02/2024,159,15.92,25.16831383,58,6.44,Vegetable,3,kg
P003,Broccoli,06/02/2024,61,44.97,36.36498816,79,7.47,Vegetable,3,kg
P003,Broccoli,07/02/2024,188,46.81,23.18938174,59,5.44,Vegetable,3,kg
P003,Broccoli,08/02/2024,65,32.27,21.34588833,62,11.43,Vegetable,3,kg
P003,Broccoli,09/02/2024,155,43.07,19.49521823,76,13.44,Vegetable,3,kg
P003,Broccoli,10/02/2024,133,22.55,36.86744877,86,19.18,Vegetable,3,kg
P003,Broccoli,11/02/2024,129,11.14,19.64056578,87,8.19,Vegetable,3,kg
P003,Broccoli,12/02/2024,118,13.58,33.63820476,74,15.85,Vegetable,3,kg
P003,Broccoli,13/02/2024,46,30.72,24.77144485,65,4.34,Vegetable,3,kg
P003,Broccoli,14/02/2024,101,36.49,32.25119991,54,9.65,Vegetable,3,kg
P003,Broccoli,15/02/2024,189,30.35,34.41741796,83,12.44,Vegetable,3,kg
P003,Broccoli,16/02/2024,212,37.8,42.06342079,73,5.29,Vegetable,3,kg
P003,Broccoli,17/02/2024,67,21.04,33.09793925,71,7.14,Vegetable,3,kg
P003,Broccoli,18/02/2024,61,37.29,34.50198481,87,18.04,Vegetable,3,kg
P003,Broccoli,19/02/2024,149,19.11,27.88271707,84,4.74,Vegetable,3,kg
P003,Broccoli,20/02/2024,89,38.29,30.28756989,51,6.52,Vegetable,3,kg
P003,Broccoli,21/02/2024,49,17.05,23.303491,63,8.07,Vegetable,3,kg
P003,Broccoli,22/02/2024,92,14.29,26.61019587,67,13.61,Vegetable,3,kg
P003,Broccoli,23/02/2024,186,18.27,25.31298449,84,15.69,Vegetable,3,kg
P003,Broccoli,24/02/2024,75,31.95,20.47650307,51,3.58,Vegetable,3,kg
P003,Broccoli,25/02/2024,83,35.36,23.23829483,70,2.73,Vegetable,3,kg
P003,Broccoli,26/02/2024,52,41.01,36.32901162,83,5.44,Vegetable,3,kg
P003,Broccoli,27/02/2024,98,34.23,35.55774971,68,13.97,Vegetable,3,kg
P003,Broccoli,28/02/2024,68,40.4,28.10830652,68,2.06,Vegetable,3,kg
P003,Broccoli,29/02/2024,70,23.76,34.41493652,61,1.87,Vegetable,3,kg
P003,Broccoli,01/03/2024,103,20.04,36.92696342,70,18.18,Vegetable,3,kg
P003,Broccoli,02/03/2024,51,31.81,24.04201284,85,11.36,Vegetable,3,kg
P003,Broccoli,03/03/2024,70,32.49,23.03397646,65,9.05,Vegetable,3,kg
P003,Broccoli,04/03/2024,182,28.25,23.65365205,50,8.68,Vegetable,3,kg
P003,Broccoli,05/03/2024,81,30.08,38.47938445,73,6.9,Vegetable,3,kg
P003,Broccoli,06/03/2024,168,32.26,38.8541249,64,7.05,Vegetable,3,kg
P003,Broccoli,07/03/2024,61,31.3,35.89958623,56,4.34,Vegetable,3,kg
P003,Broccoli,08/03/2024,156,36.9,35.51439829,67,15.76,Vegetable,3,kg
P003,Broccoli,09/03/2024,67,35.23,28.27061065,83,0.02,Vegetable,3,kg
P003,Broccoli,10/03/2024,230,45.94,34.28061162,56,7.56,Vegetable,3,kg
P003,Broccoli,11/03/2024,138,24.3,37.61866013,84,8.63,Vegetable,3,kg
P003,Broccoli,12/03/2024,138,26.21,21.03757759,58,19.73,Vegetable,3,kg
P003,Broccoli,13/03/2024,75,23.98,32.9358334,51,4.41,Vegetable,3,kg
P003,Broccoli,14/03/2024,58,37.63,37.68172764,69,17.76,Vegetable,3,kg
P003,Broccoli,15/03/2024,139,31.5,27.25587496,65,14.3,Vegetable,3,kg
P003,Broccoli,16/03/2024,146,38.12,24.97728678,87,15.77,Vegetable,3,kg
P003,Broccoli,17/03/2024,138,29.26,25.1137442,80,1.93,Vegetable,3,kg
P003,Broccoli,18/03/2024,194,45.35,33.52591466,88,2.3,Vegetable,3,kg
P003,Broccoli,19/03/2024,126,28.61,18.28249428,84,6.5,Vegetable,3,kg
P003,Broccoli,20/03/2024,196,31.24,24.20457012,59,0.7,Vegetable,3,kg
P003,Broccoli,21/03/2024,96,30.56,20.56781294,77,11.06,Vegetable,3,kg
P003,Broccoli,22/03/2024,127,24.88,35.99018758,88,6.48,Vegetable,3,kg
P003,Broccoli,23/03/2024,96,22.92,20.2899029,50,4.56,Vegetable,3,kg
P003,Broccoli,24/03/2024,54,40.09,29.59238257,90,13.02,Vegetable,3,kg
P003,Broccoli,25/03/2024,161,10.76,30.4057141,64,0.35,Vegetable,3,kg
P003,Broccoli,26/03/2024,126,30.52,28.98616437,86,13.5,Vegetable,3,kg
P003,Broccoli,27/03/2024,232,11.36,34.26069101,70,4.04,Vegetable,3,kg
P003,Broccoli,28/03/2024,214,44.86,32.74617771,88,14.55,Vegetable,3,kg
P003,Broccoli,29/03/2024,186,18.39,23.4954699,54,15.59,Vegetable,3,kg
P003,Broccoli,30/03/2024,197,38.99,30.04274727,62,12.96,Vegetable,3,kg
P004,Full Cream Milk,01/01/2024,182,35.8,24.62680854,60,18.46,Dairy,5,liters
P004,Full Cream Milk,02/01/2024,80,12.96,22.47016943,53,16.25,Dairy,5,liters
P004,Full Cream Milk,03/01/2024,199,22.17,31.28031185,68,11.85,Dairy,5,liters
P004,Full Cream Milk,04/01/2024,134,40.75,35.23438175,64,1.08,Dairy,5,liters
P004,Full Cream Milk,05/01/2024,71,22.27,29.16450414,67,7.08,Dairy,5,liters
P004,Full Cream Milk,06/01/2024,179,33.96,25.39495595,52,9.76,Dairy,5,liters
P004,Full Cream Milk,07/01/2024,77,16.41,34.77735001,65,6.87,Dairy,5,liters
P004,Full Cream Milk,08/01/2024,116,23.17,37.86971367,90,6.45,Dairy,5,liters
P004,Full Cream Milk,09/01/2024,216,40.85,34.67954603,58,3.53,Dairy,5,liters
P004,Full Cream Milk,10/01/2024,167,17.38,20.66582592,62,9.43,Dairy,5,liters
P004,Full Cream Milk,11/01/2024,229,34.9,23.43925805,66,0.1,Dairy,5,liters
P004,Full Cream Milk,12/01/2024,97,34.41,29.61255383,79,11.13,Dairy,5,liters
P004,Full Cream Milk,13/01/2024,101,21.16,27.76409761,60,8.04,Dairy,5,liters
P004,Full Cream Milk,14/01/2024,173,29.69,37.88168196,51,8.57,Dairy,5,liters
P004,Full Cream Milk,15/01/2024,122,34.78,29.71526843,87,19.68,Dairy,5,liters
P004,Full Cream Milk,16/01/2024,80,26.55,40.64935262,72,0.09,Dairy,5,liters
P004,Full Cream Milk,17/01/2024,121,43.28,36.56035912,73,4.51,Dairy,5,liters
P004,Full Cream Milk,18/01/2024,83,13.47,28.72674226,78,7.24,Dairy,5,liters
P004,Full Cream Milk,19/01/2024,71,10.36,31.31242716,89,7.55,Dairy,5,liters
P004,Full Cream Milk,20/01/2024,68,18.5,41.21905468,59,12.54,Dairy,5,liters
P004,Full Cream Milk,21/01/2024,188,19.1,34.99206139,90,10.48,Dairy,5,liters
P004,Full Cream Milk,22/01/2024,125,36.92,36.7627809,67,19.71,Dairy,5,liters
P004,Full Cream Milk,23/01/2024,232,15.59,38.26496144,50,9.05,Dairy,5,liters
P004,Full Cream Milk,24/01/2024,152,45.88,33.32434464,87,2.8,Dairy,5,liters
P004,Full Cream Milk,25/01/2024,188,28.99,26.60710086,90,15.67,Dairy,5,liters
P004,Full Cream Milk,26/01/2024,227,25.51,32.94853731,59,10.53,Dairy,5,liters
P004,Full Cream Milk,27/01/2024,119,20.49,21.49266218,70,0.99,Dairy,5,liters
P004,Full Cream Milk,28/01/2024,134,47.16,33.45759355,69,4.78,Dairy,5,liters
P004,Full Cream Milk,29/01/2024,156,32.38,37.12147598,86,4.44,Dairy,5,liters
P004,Full Cream Milk,30/01/2024,185,33.51,34.1847679,56,12.84,Dairy,5,liters
P004,Full Cream Milk,31/01/2024,176,15.98,21.0153146,76,5,Dairy,5,liters
P004,Full Cream Milk,01/02/2024,217,20.07,32.05005275,89,19.67,Dairy,5,liters
P004,Full Cream Milk,02/02/2024,197,21.04,27.54521128,71,6.21,Dairy,5,liters
P004,Full Cream Milk,03/02/2024,108,43.42,36.97116497,56,16.22,Dairy,5,liters
P004,Full Cream Milk,04/02/2024,201,40.06,28.95776111,56,11.63,Dairy,5,liters
P004,Full Cream Milk,05/02/2024,60,27.13,22.6456506,58,6.44,Dairy,5,liters
P004,Full Cream Milk,06/02/2024,137,46.89,32.28577547,79,7.47,Dairy,5,liters
P004,Full Cream Milk,07/02/2024,86,17.14,23.23108259,59,5.44,Dairy,5,liters
P004,Full Cream Milk,08/02/2024,67,26.08,22.41043438,62,11.43,Dairy,5,liters
P004,Full Cream Milk,09/02/2024,93,32.95,21.23339399,76,13.44,Dairy,5,liters
P004,Full Cream Milk,10/02/2024,157,23.99,36.12685519,86,19.18,Dairy,5,liters
P004,Full Cream Milk,11/02/2024,96,35.72,17.2966345,87,8.19,Dairy,5,liters
P004,Full Cream Milk,12/02/2024,117,21.76,38.13549755,74,15.85,Dairy,5,liters
P004,Full Cream Milk,13/02/2024,106,46.96,22.33067552,65,4.34,Dairy,5,liters
P004,Full Cream Milk,14/02/2024,174,38.71,28.2907217,54,9.65,Dairy,5,liters
P004,Full Cream Milk,15/02/2024,119,20.71,33.80880585,83,12.44,Dairy,5,liters
P004,Full Cream Milk,16/02/2024,147,29.18,41.40311345,73,5.29,Dairy,5,liters
P004,Full Cream Milk,17/02/2024,118,45.63,32.34343118,71,7.14,Dairy,5,liters
P004,Full Cream Milk,18/02/2024,137,46.77,34.55670191,87,18.04,Dairy,5,liters
P004,Full Cream Milk,19/02/2024,127,10.67,28.24911951,84,4.74,Dairy,5,liters
P004,Full Cream Milk,20/02/2024,162,36.51,33.59960511,51,6.52,Dairy,5,liters
P004,Full Cream Milk,21/02/2024,215,25.22,23.93387709,63,8.07,Dairy,5,liters
P004,Full Cream Milk,22/02/2024,158,36.57,25.62870394,67,13.61,Dairy,5,liters
P004,Full Cream Milk,23/02/2024,104,34.79,26.45432278,84,15.69,Dairy,5,liters
P004,Full Cream Milk,24/02/2024,126,20.35,23.64479034,51,3.58,Dairy,5,liters
P004,Full Cream Milk,25/02/2024,92,21.68,23.53361521,70,2.73,Dairy,5,liters
P004,Full Cream Milk,26/02/2024,178,44.77,34.34608684,83,5.44,Dairy,5,liters
P004,Full Cream Milk,27/02/2024,126,16.15,36.005563,68,13.97,Dairy,5,liters
P004,Full Cream Milk,28/02/2024,176,24.29,29.76542907,68,2.06,Dairy,5,liters
P004,Full Cream Milk,29/02/2024,90,43.59,37.09928882,61,1.87,Dairy,5,liters
P004,Full Cream Milk,01/03/2024,177,32.97,36.61950123,70,18.18,Dairy,5,liters
P004,Full Cream Milk,02/03/2024,168,42.1,23.29848621,85,11.36,Dairy,5,liters
P004,Full Cream Milk,03/03/2024,119,28.13,26.54188412,65,9.05,Dairy,5,liters
P004,Full Cream Milk,04/03/2024,70,48.12,22.74148077,50,8.68,Dairy,5,liters
P004,Full Cream Milk,05/03/2024,130,46.3,39.52813165,73,6.9,Dairy,5,liters
P004,Full Cream Milk,06/03/2024,90,31.83,38.1250296,64,7.05,Dairy,5,liters
P004,Full Cream Milk,07/03/2024,117,41.37,41.19917381,56,4.34,Dairy,5,liters
P004,Full Cream Milk,08/03/2024,69,44.88,34.93394385,67,15.76,Dairy,5,liters
P004,Full Cream Milk,09/03/2024,121,18.65,30.90105208,83,0.02,Dairy,5,liters
P004,Full Cream Milk,10/03/2024,177,41.96,32.47082601,56,7.56,Dairy,5,liters
P004,Full Cream Milk,11/03/2024,148,28.55,39.95703964,84,8.63,Dairy,5,liters
P004,Full Cream Milk,12/03/2024,80,18.65,19.61648211,58,19.73,Dairy,5,liters
P004,Full Cream Milk,13/03/2024,161,21.53,34.85436794,51,4.41,Dairy,5,liters
P004,Full Cream Milk,14/03/2024,180,48.96,35.71180812,69,17.76,Dairy,5,liters
P004,Full Cream Milk,15/03/2024,53,28.07,30.39475789,65,14.3,Dairy,5,liters
P004,Full Cream Milk,16/03/2024,188,38.71,28.96893269,87,15.77,Dairy,5,liters
P004,Full Cream Milk,17/03/2024,113,13.1,24.38909664,80,1.93,Dairy,5,liters
P004,Full Cream Milk,18/03/2024,176,27.21,33.13535464,88,2.3,Dairy,5,liters
P004,Full Cream Milk,19/03/2024,91,10.44,19.41721167,84,6.5,Dairy,5,liters
P004,Full Cream Milk,20/03/2024,206,21.93,23.76376999,59,0.7,Dairy,5,liters
P004,Full Cream Milk,21/03/2024,175,31.32,17.83472426,77,11.06,Dairy,5,liters
P004,Full Cream Milk,22/03/2024,146,17.26,34.94269991,88,6.48,Dairy,5,liters
P004,Full Cream Milk,23/03/2024,165,46.18,20.77787754,50,4.56,Dairy,5,liters
P004,Full Cream Milk,24/03/2024,154,30.04,29.01344561,90,13.02,Dairy,5,liters
P004,Full Cream Milk,25/03/2024,196,42.02,29.46421206,64,0.35,Dairy,5,liters
P004,Full Cream Milk,26/03/2024,95,22.77,25.3307438,86,13.5,Dairy,5,liters
P004,Full Cream Milk,27/03/2024,155,26.72,32.14634396,70,4.04,Dairy,5,liters
P004,Full Cream Milk,28/03/2024,153,19.19,34.6219879,88,14.55,Dairy,5,liters
P004,Full Cream Milk,29/03/2024,141,47.22,23.41759917,54,15.59,Dairy,5,liters
P004,Full Cream Milk,30/03/2024,172,27.43,30.63125078,62,12.96,Dairy,5,liters
P005,Carrots,01/01/2024,117,27.88,28.16866407,60,18.46,Vegetable,6,kg
P005,Carrots,02/01/2024,87,11.42,18.25252893,53,16.25,Vegetable,6,kg
P005,Carrots,03/01/2024,94,39.4,32.55827873,68,11.85,Vegetable,6,kg
P005,Carrots,04/01/2024,189,24.88,34.2846375,64,1.08,Vegetable,6,kg
P005,Carrots,05/01/2024,85,32.94,28.91076254,67,7.08,Vegetable,6,kg
P005,Carrots,06/01/2024,61,11.94,27.70882927,52,9.76,Vegetable,6,kg
P005,Carrots,07/01/2024,54,14.69,36.13716866,65,6.87,Vegetable,6,kg
P005,Carrots,08/01/2024,87,25.98,35.57857771,90,6.45,Vegetable,6,kg
P005,Carrots,09/01/2024,162,29.83,36.03258102,58,3.53,Vegetable,6,kg
P005,Carrots,10/01/2024,190,29.14,23.08430671,62,9.43,Vegetable,6,kg
P005,Carrots,11/01/2024,126,33.66,28.04132243,66,0.1,Vegetable,6,kg
P005,Carrots,12/01/2024,127,13.95,33.84681207,79,11.13,Vegetable,6,kg
P005,Carrots,13/01/2024,88,13.77,30.61243533,60,8.04,Vegetable,6,kg
P005,Carrots,14/01/2024,78,42.17,39.66312941,51,8.57,Vegetable,6,kg
P005,Carrots,15/01/2024,67,10.27,29.57226624,87,19.68,Vegetable,6,kg
P005,Carrots,16/01/2024,228,25.41,39.97239075,72,0.09,Vegetable,6,kg
P005,Carrots,17/01/2024,153,47.6,40.93115992,73,4.51,Vegetable,6,kg
P005,Carrots,18/01/2024,101,35.87,31.51677671,78,7.24,Vegetable,6,kg
P005,Carrots,19/01/2024,199,18.6,29.46699738,89,7.55,Vegetable,6,kg
P005,Carrots,20/01/2024,62,14.03,42.35226673,59,12.54,Vegetable,6,kg
P005,Carrots,21/01/2024,123,20.31,36.56735573,90,10.48,Vegetable,6,kg
P005,Carrots,22/01/2024,196,36.24,35.74970497,67,19.71,Vegetable,6,kg
P005,Carrots,23/01/2024,72,24.34,33.67333802,50,9.05,Vegetable,6,kg
P005,Carrots,24/01/2024,109,40.49,32.97297197,87,2.8,Vegetable,6,kg
P005,Carrots,25/01/2024,109,18.68,26.46456456,90,15.67,Vegetable,6,kg
P005,Carrots,26/01/2024,64,26.26,27.76779279,59,10.53,Vegetable,6,kg
P005,Carrots,27/01/2024,189,10.04,21.356741,70,0.99,Vegetable,6,kg
P005,Carrots,28/01/2024,48,26.43,34.09424597,69,4.78,Vegetable,6,kg
P005,Carrots,29/01/2024,42,14.56,39.00092572,86,4.44,Vegetable,6,kg
P005,Carrots,30/01/2024,161,44.17,35.68818295,56,12.84,Vegetable,6,kg
P005,Carrots,31/01/2024,49,19.81,19.52586482,76,5,Vegetable,6,kg
P005,Carrots,01/02/2024,158,16.76,34.53850989,89,19.67,Vegetable,6,kg
P005,Carrots,02/02/2024,70,35.05,28.58090335,71,6.21,Vegetable,6,kg
P005,Carrots,03/02/2024,75,49.51,34.90986297,56,16.22,Vegetable,6,kg
P005,Carrots,04/02/2024,171,48.58,27.52087053,56,11.63,Vegetable,6,kg
P005,Carrots,05/02/2024,62,43.04,25.61835898,58,6.44,Vegetable,6,kg
P005,Carrots,06/02/2024,99,18.81,34.90181963,79,7.47,Vegetable,6,kg
P005,Carrots,07/02/2024,137,15.83,18.0420665,59,5.44,Vegetable,6,kg
P005,Carrots,08/02/2024,190,36.48,25.82112627,62,11.43,Vegetable,6,kg
P005,Carrots,09/02/2024,172,10.77,22.10140099,76,13.44,Vegetable,6,kg
P005,Carrots,10/02/2024,169,42.52,35.34192565,86,19.18,Vegetable,6,kg
P005,Carrots,11/02/2024,96,14.9,20.25576971,87,8.19,Vegetable,6,kg
P005,Carrots,12/02/2024,84,27.99,37.04516276,74,15.85,Vegetable,6,kg
P005,Carrots,13/02/2024,74,38.53,25.771189,65,4.34,Vegetable,6,kg
P005,Carrots,14/02/2024,82,30.47,29.46333712,54,9.65,Vegetable,6,kg
P005,Carrots,15/02/2024,88,33.39,33.83959255,83,12.44,Vegetable,6,kg
P005,Carrots,16/02/2024,113,31.92,37.42295738,73,5.29,Vegetable,6,kg
P005,Carrots,17/02/2024,211,44.63,33.74055919,71,7.14,Vegetable,6,kg
P005,Carrots,18/02/2024,80,29.74,37.26502175,87,18.04,Vegetable,6,kg
P005,Carrots,19/02/2024,47,42.9,24.55442086,84,4.74,Vegetable,6,kg
P005,Carrots,20/02/2024,121,47.29,33.5801924,51,6.52,Vegetable,6,kg
P005,Carrots,21/02/2024,70,23.26,24.34257597,63,8.07,Vegetable,6,kg
P005,Carrots,22/02/2024,172,32.36,25.16579531,67,13.61,Vegetable,6,kg
P005,Carrots,23/02/2024,95,17.31,23.4535955,84,15.69,Vegetable,6,kg
P005,Carrots,24/02/2024,102,20.2,23.10057773,51,3.58,Vegetable,6,kg
P005,Carrots,25/02/2024,172,23.37,26.12886481,70,2.73,Vegetable,6,kg
P005,Carrots,26/02/2024,221,36.54,37.81812379,83,5.44,Vegetable,6,kg
P005,Carrots,27/02/2024,50,16.38,32.01832125,68,13.97,Vegetable,6,kg
P005,Carrots,28/02/2024,69,33.24,26.92033452,68,2.06,Vegetable,6,kg
P005,Carrots,29/02/2024,136,45.24,37.75627297,61,1.87,Vegetable,6,kg
P005,Carrots,01/03/2024,70,43.36,34.81062342,70,18.18,Vegetable,6,kg
P005,Carrots,02/03/2024,177,33.78,22.57947191,85,11.36,Vegetable,6,kg
P005,Carrots,03/03/2024,159,30.61,27.68713206,65,9.05,Vegetable,6,kg
P005,Carrots,04/03/2024,174,36.19,22.96835077,50,8.68,Vegetable,6,kg
P005,Carrots,05/03/2024,113,29.61,41.93198622,73,6.9,Vegetable,6,kg
P005,Carrots,06/03/2024,93,42.74,39.42456466,64,7.05,Vegetable,6,kg
P005,Carrots,07/03/2024,58,41.09,38.14193977,56,4.34,Vegetable,6,kg
P005,Carrots,08/03/2024,51,46.83,34.58845385,67,15.76,Vegetable,6,kg
P005,Carrots,09/03/2024,157,20.08,31.24765138,83,0.02,Vegetable,6,kg
P005,Carrots,10/03/2024,100,34.84,30.49259283,56,7.56,Vegetable,6,kg
P005,Carrots,11/03/2024,56,47.98,36.53542748,84,8.63,Vegetable,6,kg
P005,Carrots,12/03/2024,98,37.23,20.36846761,58,19.73,Vegetable,6,kg
P005,Carrots,13/03/2024,68,17.21,33.59178325,51,4.41,Vegetable,6,kg
P005,Carrots,14/03/2024,77,33.3,36.6371651,69,17.76,Vegetable,6,kg
P005,Carrots,15/03/2024,93,40.99,26.99986081,65,14.3,Vegetable,6,kg
P005,Carrots,16/03/2024,133,16.49,27.73543647,87,15.77,Vegetable,6,kg
P005,Carrots,17/03/2024,167,22.54,27.73452209,80,1.93,Vegetable,6,kg
P005,Carrots,18/03/2024,172,47.98,32.64755669,88,2.3,Vegetable,6,kg
P005,Carrots,19/03/2024,152,42.07,21.85839812,84,6.5,Vegetable,6,kg
P005,Carrots,20/03/2024,178,42.98,22.16162427,59,0.7,Vegetable,6,kg
P005,Carrots,21/03/2024,174,35.48,19.76141147,77,11.06,Vegetable,6,kg
P005,Carrots,22/03/2024,95,32.91,35.7831324,88,6.48,Vegetable,6,kg
P005,Carrots,23/03/2024,129,48.38,19.63408486,50,4.56,Vegetable,6,kg
P005,Carrots,24/03/2024,94,47.25,28.66836872,90,13.02,Vegetable,6,kg
P005,Carrots,25/03/2024,148,28.08,27.04024462,64,0.35,Vegetable,6,kg
P005,Carrots,26/03/2024,170,26.93,28.91704756,86,13.5,Vegetable,6,kg
P005,Carrots,27/03/2024,103,36.38,31.01954274,70,4.04,Vegetable,6,kg
P005,Carrots,28/03/2024,184,35.29,32.79036059,88,14.55,Vegetable,6,kg
P005,Carrots,29/03/2024,204,22.93,23.5984991,54,15.59,Vegetable,6,kg
P005,Carrots,30/03/2024,156,24.16,30.20422394,62,12.96,Vegetable,6,kg
P006,Bananas,01/01/2024,102,34.78,30.66,72,2.73,Fruit,5,
P006,Bananas,02/01/2024,93,35.4,27.5,70,6.03,Fruit,5,
P006,Bananas,03/01/2024,86,33.03,27.92,71,2.84,Fruit,5,
P006,Bananas,04/01/2024,87,33.56,27.12,70,2.84,Fruit,5,
P006,Bananas,05/01/2024,81,36.93,29.28,62,1.45,Fruit,5,
P006,Bananas,06/01/2024,74,33.68,29.33,64,2.81,Fruit,5,
P006,Bananas,07/01/2024,86,34.98,30.42,71,0.39,Fruit,5,
P006,Bananas,08/01/2024,91,35.65,27.17,60,0.9,Fruit,5,
P006,Bananas,09/01/2024,98,36.37,29.73,65,0.1,Fruit,5,
P006,Bananas,10/01/2024,66,35.39,29.25,69,6.76,Fruit,5,
P006,Bananas,11/01/2024,80,36.86,28.36,64,2.65,Fruit,5,
P006,Bananas,12/01/2024,71,36.21,30.04,72,0.46,Fruit,5,
P006,Bananas,13/01/2024,85,35.85,27.03,70,0.67,Fruit,5,
P006,Bananas,14/01/2024,104,34.43,30.95,70,0.23,Fruit,5,
P006,Bananas,15/01/2024,72,35.66,27.32,66,3.32,Fruit,5,
P006,Bananas,16/01/2024,111,34.89,29.96,65,6.55,Fruit,5,
P006,Bananas,17/01/2024,100,34.02,30.8,69,0.81,Fruit,5,
P006,Bananas,18/01/2024,85,33.43,27.2,69,0.08,Fruit,5,
P006,Bananas,19/01/2024,96,34,28.57,63,7.14,Fruit,5,
P006,Bananas,20/01/2024,91,36.77,29.05,70,0.68,Fruit,5,
P006,Bananas,21/01/2024,119,35.53,31.4,69,4.95,Fruit,5,
P006,Bananas,22/01/2024,107,34.67,31.36,71,0.74,Fruit,5,
P006,Bananas,23/01/2024,90,33.44,27.61,68,1.15,Fruit,5,
P006,Bananas,24/01/2024,106,36.44,28.14,68,5.11,Fruit,5,
P006,Bananas,25/01/2024,95,34.08,29.09,64,3.54,Fruit,5,
P006,Bananas,26/01/2024,91,35.08,28.22,70,1.17,Fruit,5,
P006,Bananas,27/01/2024,81,35.79,31.86,63,0.85,Fruit,5,
P006,Bananas,28/01/2024,116,33.15,30.56,64,1.01,Fruit,5,
P006,Bananas,29/01/2024,96,35.54,27.26,64,1.27,Fruit,5,
P006,Bananas,30/01/2024,132,36.94,30.4,64,2.02,Fruit,5,
P006,Bananas,31/01/2024,107,36.21,30.81,70,0.83,Fruit,5,
P006,Bananas,01/02/2024,78,35.14,29.35,61,3.01,Fruit,5,
P006,Bananas,02/02/2024,80,33.88,27.2,63,1.18,Fruit,5,
P006,Bananas,03/02/2024,87,33.38,30.56,62,1.29,Fruit,5,
P006,Bananas,04/02/2024,93,34.36,29.59,67,0.44,Fruit,5,
P006,Bananas,05/02/2024,104,35.78,27.57,66,2.34,Fruit,5,
P006,Bananas,06/02/2024,86,33.97,31.91,63,2.26,Fruit,5,
P006,Bananas,07/02/2024,87,36.53,27.47,71,2.45,Fruit,5,
P006,Bananas,08/02/2024,86,34.62,30.5,62,5.82,Fruit,5,
P006,Bananas,09/02/2024,82,33.65,31.44,63,0.26,Fruit,5,
P006,Bananas,10/02/2024,98,33.02,27.05,68,3.27,Fruit,5,
P006,Bananas,11/02/2024,108,34.79,27.8,61,1.99,Fruit,5,
P006,Bananas,12/02/2024,95,36.4,27.89,67,3.15,Fruit,5,
P006,Bananas,13/02/2024,89,35.04,30.29,60,2.35,Fruit,5,
P006,Bananas,14/02/2024,75,36.57,29.95,65,1.5,Fruit,5,
P006,Bananas,15/02/2024,106,35.58,30.16,61,1.29,Fruit,5,
P006,Bananas,16/02/2024,108,36.07,28.15,62,2.55,Fruit,5,
P006,Bananas,17/02/2024,101,36.82,27.22,71,8.46,Fruit,5,
P006,Bananas,18/02/2024,92,35.21,27.08,67,1.2,Fruit,5,
P006,Bananas,19/02/2024,106,34.18,29.86,71,5.75,Fruit,5,
P006,Bananas,20/02/2024,111,36.74,28.58,61,2.44,Fruit,5,
P006,Bananas,21/02/2024,90,33.84,30.48,67,0.22,Fruit,5,
P006,Bananas,22/02/2024,78,35.96,28.27,69,6.3,Fruit,5,
P006,Bananas,23/02/2024,116,35.21,30.49,70,3.7,Fruit,5,
P006,Bananas,24/02/2024,85,35.05,28.28,67,7.33,Fruit,5,
P006,Bananas,25/02/2024,70,33.28,29.51,72,0.65,Fruit,5,
P006,Bananas,26/02/2024,87,34.75,31.43,71,2.59,Fruit,5,
P006,Bananas,27/02/2024,93,35.17,30.36,62,1.88,Fruit,5,
P006,Bananas,28/02/2024,105,34.21,27.15,63,0.12,Fruit,5,
P006,Bananas,29/02/2024,71,36.08,29.69,64,2.22,Fruit,5,
P006,Bananas,01/03/2024,103,34.65,27.43,72,0.65,Fruit,5,
P006,Bananas,02/03/2024,76,36.9,30.5,67,3.88,Fruit,5,
P006,Bananas,03/03/2024,65,33.31,30.98,62,1.73,Fruit,5,
P006,Bananas,04/03/2024,98,34.71,27.13,64,0.25,Fruit,5,
P006,Bananas,05/03/2024,89,33.38,31.58,61,0.82,Fruit,5,
P006,Bananas,06/03/2024,97,36.82,27.91,72,0.99,Fruit,5,
P006,Bananas,07/03/2024,101,35.26,30.06,66,0.15,Fruit,5,
P006,Bananas,08/03/2024,120,33.46,27.79,65,0.04,Fruit,5,
P006,Bananas,09/03/2024,102,36.23,29.37,69,4.32,Fruit,5,
P006,Bananas,10/03/2024,107,35.46,28.73,64,1.53,Fruit,5,
P006,Bananas,11/03/2024,88,35,28.87,69,8.13,Fruit,5,
P006,Bananas,12/03/2024,97,33.28,29.7,72,0.53,Fruit,5,
P006,Bananas,13/03/2024,92,35.71,29.93,70,4.84,Fruit,5,
P006,Bananas,14/03/2024,96,35.18,29.87,60,1.84,Fruit,5,
P006,Bananas,15/03/2024,93,34.1,31.81,69,0.69,Fruit,5,
P006,Bananas,16/03/2024,104,35.47,28.07,61,0.12,Fruit,5,
P006,Bananas,17/03/2024,113,36.26,28.93,69,0.07,Fruit,5,
P006,Bananas,18/03/2024,76,34.39,28.41,63,3.54,Fruit,5,
P006,Bananas,19/03/2024,102,36.23,29.74,64,4.17,Fruit,5,
P006,Bananas,20/03/2024,94,36.11,31.95,63,1.4,Fruit,5,
P006,Bananas,21/03/2024,103,35.96,31.29,60,3.42,Fruit,5,
P006,Bananas,22/03/2024,92,34.99,28.19,60,2.29,Fruit,5,
P006,Bananas,23/03/2024,72,36.62,27.5,63,0.03,Fruit,5,
P006,Bananas,24/03/2024,82,35.71,27.46,66,9.43,Fruit,5,
P006,Bananas,25/03/2024,75,34.31,27.42,64,1.04,Fruit,5,
P006,Bananas,26/03/2024,45,36.13,30.36,63,8.77,Fruit,5,
P006,Bananas,27/03/2024,122,35.47,31.84,68,4.3,Fruit,5,
P006,Bananas,28/03/2024,101,33.89,27.51,66,1.67,Fruit,5,
P006,Bananas,29/03/2024,108,36.95,27.73,72,0.27,Fruit,5,
P006,Bananas,30/03/2024,91,33.95,28.87,60,6.37,Fruit,5,
P007,Whole Wheat Bread,01/01/2024,143,19.11,27.75,61,0.26,Bakery,2,
P007,Whole Wheat Bread,02/01/2024,152,17.32,28.79,60,0.86,Bakery,2,
P007,Whole Wheat Bread,03/01/2024,116,19.07,28.03,59,4.05,Bakery,2,
P007,Whole Wheat Bread,04/01/2024,134,18.33,30.11,56,4.11,Bakery,2,
P007,Whole Wheat Bread,05/01/2024,138,17.75,27.43,57,2.25,Bakery,2,
P007,Whole Wheat Bread,06/01/2024,146,16.17,30.01,62,10.51,Bakery,2,
P007,Whole Wheat Bread,07/01/2024,141,18.78,30.96,54,0.88,Bakery,2,
P007,Whole Wheat Bread,08/01/2024,155,17.18,26.38,58,0.73,Bakery,2,
P007,Whole Wheat Bread,09/01/2024,162,19.56,30.58,59,9.01,Bakery,2,
P007,Whole Wheat Bread,10/01/2024,129,16.68,28.28,61,1.23,Bakery,2,
P007,Whole Wheat Bread,11/01/2024,122,19.9,27.15,61,0.24,Bakery,2,
P007,Whole Wheat Bread,12/01/2024,164,17.12,30.93,55,0.1,Bakery,2,
P007,Whole Wheat Bread,13/01/2024,166,19.29,27.35,62,7.25,Bakery,2,
P007,Whole Wheat Bread,14/01/2024,118,17.67,30.75,54,2.85,Bakery,2,
P007,Whole Wheat Bread,15/01/2024,158,19,30.94,50,1.42,Bakery,2,
P007,Whole Wheat Bread,16/01/2024,133,19.35,27.96,60,5.54,Bakery,2,
P007,Whole Wheat Bread,17/01/2024,103,19.25,27.37,56,6,Bakery,2,
P007,Whole Wheat Bread,18/01/2024,126,18.34,31,55,7.33,Bakery,2,
P007,Whole Wheat Bread,19/01/2024,154,16.52,27.89,54,1.8,Bakery,2,
P007,Whole Wheat Bread,20/01/2024,152,19.51,30.77,62,0.7,Bakery,2,
P007,Whole Wheat Bread,21/01/2024,88,18.21,30.16,51,5.74,Bakery,2,
P007,Whole Wheat Bread,22/01/2024,136,16.54,28.8,60,1.55,Bakery,2,
P007,Whole Wheat Bread,23/01/2024,162,19.92,27.06,55,2.88,Bakery,2,
P007,Whole Wheat Bread,24/01/2024,153,17.75,29.04,51,1.49,Bakery,2,
P007,Whole Wheat Bread,25/01/2024,136,17.19,28.57,57,7.24,Bakery,2,
P007,Whole Wheat Bread,26/01/2024,151,16.59,28.62,50,8.96,Bakery,2,
P007,Whole Wheat Bread,27/01/2024,140,18.48,27.29,57,0.14,Bakery,2,
P007,Whole Wheat Bread,28/01/2024,152,17.37,27.74,60,2.6,Bakery,2,
P007,Whole Wheat Bread,29/01/2024,107,18.56,28.92,60,0.45,Bakery,2,
P007,Whole Wheat Bread,30/01/2024,170,19.5,26.91,57,1.59,Bakery,2,
P007,Whole Wheat Bread,31/01/2024,147,16.68,29.01,52,0.13,Bakery,2,
P007,Whole Wheat Bread,01/02/2024,140,18.19,27.39,62,0.1,Bakery,2,
P007,Whole Wheat Bread,02/02/2024,108,18.76,30.47,50,2.1,Bakery,2,
P007,Whole Wheat Bread,03/02/2024,148,18.75,26.2,58,1.97,Bakery,2,
P007,Whole Wheat Bread,04/02/2024,122,19.22,27.89,50,0.97,Bakery,2,
P007,Whole Wheat Bread,05/02/2024,141,18.15,29.74,62,12.86,Bakery,2,
P007,Whole Wheat Bread,06/02/2024,139,16.25,29.8,57,3.82,Bakery,2,
P007,Whole Wheat Bread,07/02/2024,141,19.58,26.74,52,3.75,Bakery,2,
P007,Whole Wheat Bread,08/02/2024,186,17.59,26.54,59,1.31,Bakery,2,
P007,Whole Wheat Bread,09/02/2024,157,16.08,26.52,56,1.42,Bakery,2,
P007,Whole Wheat Bread,10/02/2024,124,17.37,27.64,61,0.8,Bakery,2,
P007,Whole Wheat Bread,11/02/2024,130,17.99,28.37,59,4.67,Bakery,2,
P007,Whole Wheat Bread,12/02/2024,141,18.26,28.93,57,2.65,Bakery,2,
P007,Whole Wheat Bread,13/02/2024,127,18.58,27.89,54,1.35,Bakery,2,
P007,Whole Wheat Bread,14/02/2024,111,16.03,30.93,54,8.14,Bakery,2,
P007,Whole Wheat Bread,15/02/2024,154,16.64,27.13,55,0.85,Bakery,2,
P007,Whole Wheat Bread,16/02/2024,131,16.21,26.87,56,5.54,Bakery,2,
P007,Whole Wheat Bread,17/02/2024,127,16.45,26.09,54,12.12,Bakery,2,
P007,Whole Wheat Bread,18/02/2024,146,17.96,30.33,55,11.07,Bakery,2,
P007,Whole Wheat Bread,19/02/2024,139,18.14,29.61,58,3.8,Bakery,2,
P007,Whole Wheat Bread,20/02/2024,159,17.7,27.03,59,1.17,Bakery,2,
P007,Whole Wheat Bread,21/02/2024,139,18.83,28.54,50,2.26,Bakery,2,
P007,Whole Wheat Bread,22/02/2024,137,18.38,28.53,53,1.16,Bakery,2,
P007,Whole Wheat Bread,23/02/2024,142,16.25,27.85,57,0.43,Bakery,2,
P007,Whole Wheat Bread,24/02/2024,131,17.89,29.41,50,0.37,Bakery,2,
P007,Whole Wheat Bread,25/02/2024,151,19.72,29.03,52,1.29,Bakery,2,
P007,Whole Wheat Bread,26/02/2024,146,19.71,30.69,61,1.43,Bakery,2,
P007,Whole Wheat Bread,27/02/2024,131,16.56,29.61,61,5.53,Bakery,2,
P007,Whole Wheat Bread,28/02/2024,131,16.94,26.82,54,0.62,Bakery,2,
P007,Whole Wheat Bread,29/02/2024,149,18.35,29.17,53,1.14,Bakery,2,
P007,Whole Wheat Bread,01/03/2024,132,18.16,29.57,52,2.94,Bakery,2,
P007,Whole Wheat Bread,02/03/2024,169,19.6,28.19,50,0.79,Bakery,2,
P007,Whole Wheat Bread,03/03/2024,152,17.73,30.53,52,2.35,Bakery,2,
P007,Whole Wheat Bread,04/03/2024,107,16.56,27.66,52,1.22,Bakery,2,
P007,Whole Wheat Bread,05/03/2024,148,19.99,28.67,56,2.55,Bakery,2,
P007,Whole Wheat Bread,06/03/2024,159,18.98,29.76,62,0.86,Bakery,2,
P007,Whole Wheat Bread,07/03/2024,141,16.41,29.81,60,4.22,Bakery,2,
P007,Whole Wheat Bread,08/03/2024,133,18.42,28.68,53,1.83,Bakery,2,
P007,Whole Wheat Bread,09/03/2024,188,18.88,28.43,53,3.84,Bakery,2,
P007,Whole Wheat Bread,10/03/2024,143,18.86,29.21,52,2.5,Bakery,2,
P007,Whole Wheat Bread,11/03/2024,158,17.6,30.8,57,2.63,Bakery,2,
P007,Whole Wheat Bread,12/03/2024,145,18.34,28.31,60,0.5,Bakery,2,
P007,Whole Wheat Bread,13/03/2024,177,16.41,26.09,61,2.7,Bakery,2,
P007,Whole Wheat Bread,14/03/2024,142,18.83,30.59,54,7.67,Bakery,2,
P007,Whole Wheat Bread,15/03/2024,144,16.42,29.03,55,0.24,Bakery,2,
P007,Whole Wheat Bread,16/03/2024,123,16.45,30.2,60,1.8,Bakery,2,
P007,Whole Wheat Bread,17/03/2024,141,18.98,28.96,54,1.43,Bakery,2,
P007,Whole Wheat Bread,18/03/2024,156,17.33,27.03,58,0.01,Bakery,2,
P007,Whole Wheat Bread,19/03/2024,153,17.92,30.6,51,1.88,Bakery,2,
P007,Whole Wheat Bread,20/03/2024,105,19.65,30.59,60,0.1,Bakery,2,
P007,Whole Wheat Bread,21/03/2024,147,17.45,26.83,54,7.39,Bakery,2,
P007,Whole Wheat Bread,22/03/2024,117,16.85,28.9,55,0.75,Bakery,2,
P007,Whole Wheat Bread,23/03/2024,147,16.34,28.29,53,1.61,Bakery,2,
P007,Whole Wheat Bread,24/03/2024,140,17.24,30.98,50,1.07,Bakery,2,
P007,Whole Wheat Bread,25/03/2024,120,17.51,30,62,2.94,Bakery,2,
P007,Whole Wheat Bread,26/03/2024,111,19.1,30.18,52,0.2,Bakery,2,
P007,Whole Wheat Bread,27/03/2024,161,19.06,28.2,51,2.06,Bakery,2,
P007,Whole Wheat Bread,28/03/2024,100,19.78,26.51,57,5.94,Bakery,2,
P007,Whole Wheat Bread,29/03/2024,119,19.92,29.22,61,4.84,Bakery,2,
P007,Whole Wheat Bread,30/03/2024,128,16.11,30.2,56,3.23,Bakery,2,
P008,Chicken Breast,01/01/2024,49,94.36,31.36,77,2.71,Meat,3,
P008,Chicken Breast,02/01/2024,49,93.95,30.85,67,3.17,Meat,3,
P008,Chicken Breast,03/01/2024,56,96.85,31.61,72,4.93,Meat,3,
P008,Chicken Breast,04/01/2024,54,94.17,32.72,70,0.69,Meat,3,
P008,Chicken Breast,05/01/2024,35,94.04,32.46,69,1.25,Meat,3,
P008,Chicken Breast,06/01/2024,86,96.32,29.9,71,0.1,Meat,3,
P008,Chicken Breast,07/01/2024,78,96.79,29.81,69,1.05,Meat,3,
P008,Chicken Breast,08/01/2024,50,95.26,31.82,72,0.36,Meat,3,
P008,Chicken Breast,09/01/2024,60,94.07,28.91,66,0.07,Meat,3,
P008,Chicken Breast,10/01/2024,65,93.87,30.71,77,1.55,Meat,3,
P008,Chicken Breast,11/01/2024,45,94.09,28.66,77,0.57,Meat,3,
P008,Chicken Breast,12/01/2024,88,96.26,28.09,66,2.26,Meat,3,
P008,Chicken Breast,13/01/2024,49,93.83,30.03,70,5.31,Meat,3,
P008,Chicken Breast,14/01/2024,60,94.07,28.05,69,0.92,Meat,3,
P008,Chicken Breast,15/01/2024,46,96.66,31.17,69,0.58,Meat,3,
P008,Chicken Breast,16/01/2024,73,94.69,30.09,76,4.42,Meat,3,
P008,Chicken Breast,17/01/2024,66,93.98,28.92,69,2.77,Meat,3,
P008,Chicken Breast,18/01/2024,58,96.66,29.95,72,1.72,Meat,3,
P008,Chicken Breast,19/01/2024,71,96.75,32.75,71,3.27,Meat,3,
P008,Chicken Breast,20/01/2024,83,95.16,31.66,65,0.94,Meat,3,
P008,Chicken Breast,21/01/2024,64,94.34,32.23,75,2.73,Meat,3,
P008,Chicken Breast,22/01/2024,56,94.41,31.85,69,1.27,Meat,3,
P008,Chicken Breast,23/01/2024,85,96.28,30.99,73,0.85,Meat,3,
P008,Chicken Breast,24/01/2024,49,93.02,32,76,10.3,Meat,3,
P008,Chicken Breast,25/01/2024,55,96.8,32.04,65,0.44,Meat,3,
P008,Chicken Breast,26/01/2024,50,96.49,30.23,76,2.34,Meat,3,
P008,Chicken Breast,27/01/2024,72,96.92,31.29,70,3.04,Meat,3,
P008,Chicken Breast,28/01/2024,69,96.95,32.52,76,0.75,Meat,3,
P008,Chicken Breast,29/01/2024,66,94.25,28.9,69,1.92,Meat,3,
P008,Chicken Breast,30/01/2024,63,96.7,28.6,71,1.06,Meat,3,
P008,Chicken Breast,31/01/2024,77,95.58,32.22,66,2.22,Meat,3,
P008,Chicken Breast,01/02/2024,59,93.48,31.25,72,0.78,Meat,3,
P008,Chicken Breast,02/02/2024,63,95.29,29.7,71,1.55,Meat,3,
P008,Chicken Breast,03/02/2024,53,94.28,32.02,68,4.69,Meat,3,
P008,Chicken Breast,04/02/2024,73,96.48,31.08,66,0.07,Meat,3,
P008,Chicken Breast,05/02/2024,64,94.54,28.11,71,0.62,Meat,3,
P008,Chicken Breast,06/02/2024,99,94.67,29.36,73,4.39,Meat,3,
P008,Chicken Breast,07/02/2024,50,93.01,30.11,69,3.95,Meat,3,
P008,Chicken Breast,08/02/2024,32,93.17,32.26,66,0.8,Meat,3,
P008,Chicken Breast,09/02/2024,56,94.57,28.09,73,0.35,Meat,3,
P008,Chicken Breast,10/02/2024,50,96.78,30.94,71,6.34,Meat,3,
P008,Chicken Breast,11/02/2024,72,95.97,30.34,77,13.58,Meat,3,
P008,Chicken Breast,12/02/2024,58,95.05,32.19,70,2.81,Meat,3,
P008,Chicken Breast,13/02/2024,50,93.15,29.15,66,1.45,Meat,3,
P008,Chicken Breast,14/02/2024,68,96.98,29.08,73,7.88,Meat,3,
P008,Chicken Breast,15/02/2024,78,94.96,28.87,74,2.17,Meat,3,
P008,Chicken Breast,16/02/2024,94,95.32,31.74,73,2.7,Meat,3,
P008,Chicken Breast,17/02/2024,50,94.09,28.46,73,1.49,Meat,3,
P008,Chicken Breast,18/02/2024,51,95.62,32.26,74,4.97,Meat,3,
P008,Chicken Breast,19/02/2024,60,94.01,30.75,75,0.99,Meat,3,
P008,Chicken Breast,20/02/2024,61,96.97,32.81,77,6.75,Meat,3,
P008,Chicken Breast,21/02/2024,51,95.37,28.31,77,1.97,Meat,3,
P008,Chicken Breast,22/02/2024,53,95.94,31.39,75,6,Meat,3,
P008,Chicken Breast,23/02/2024,76,93.63,30.61,72,0.84,Meat,3,
P008,Chicken Breast,24/02/2024,53,95.47,29.19,69,3.42,Meat,3,
P008,Chicken Breast,25/02/2024,46,96.85,31.76,71,6.4,Meat,3,
P008,Chicken Breast,26/02/2024,76,96.63,28.03,75,0.78,Meat,3,
P008,Chicken Breast,27/02/2024,59,95.03,28.01,66,5.35,Meat,3,
P008,Chicken Breast,28/02/2024,63,95.16,31.16,66,3.02,Meat,3,
P008,Chicken Breast,29/02/2024,61,93.07,31.9,70,1,Meat,3,
P008,Chicken Breast,01/03/2024,78,96.75,29.96,69,0.32,Meat,3,
P008,Chicken Breast,02/03/2024,56,93.67,31.44,66,8.83,Meat,3,
P008,Chicken Breast,03/03/2024,71,93.18,30.37,70,2.91,Meat,3,
P008,Chicken Breast,04/03/2024,75,95.59,32.36,77,1.77,Meat,3,
P008,Chicken Breast,05/03/2024,34,94.95,28.33,65,1.17,Meat,3,
P008,Chicken Breast,06/03/2024,81,93.64,31.85,74,0,Meat,3,
P008,Chicken Breast,07/03/2024,70,96.18,28.51,73,0.54,Meat,3,
P008,Chicken Breast,08/03/2024,59,96.09,31.47,68,5.5,Meat,3,
P008,Chicken Breast,09/03/2024,53,95.93,32.34,76,0.1,Meat,3,
P008,Chicken Breast,10/03/2024,55,94.59,32.55,69,3.05,Meat,3,
P008,Chicken Breast,11/03/2024,73,96.47,29.15,77,0.67,Meat,3,
P008,Chicken Breast,12/03/2024,57,94.89,31.57,66,5.99,Meat,3,
P008,Chicken Breast,13/03/2024,65,95.5,31.85,66,4.29,Meat,3,
P008,Chicken Breast,14/03/2024,67,96.87,28.66,69,7.29,Meat,3,
P008,Chicken Breast,15/03/2024,58,95.74,28.01,71,0.4,Meat,3,
P008,Chicken Breast,16/03/2024,40,93.64,30.15,70,0.77,Meat,3,
P008,Chicken Breast,17/03/2024,40,94.82,30.95,72,1.11,Meat,3,
P008,Chicken Breast,18/03/2024,77,94.58,28.06,66,3.42,Meat,3,
P008,Chicken Breast,19/03/2024,78,94.92,32.76,73,0.12,Meat,3,
P008,Chicken Breast,20/03/2024,71,95.28,28.52,65,0.33,Meat,3,
P008,Chicken Breast,21/03/2024,60,93.04,29.05,65,2.46,Meat,3,
P008,Chicken Breast,22/03/2024,54,96.53,29.63,66,2.29,Meat,3,
P008,Chicken Breast,23/03/2024,39,96.2,32.89,74,3.51,Meat,3,
P008,Chicken Breast,24/03/2024,43,96.81,29,71,3.33,Meat,3,
P008,Chicken Breast,25/03/2024,86,96.48,31.06,73,3.7,Meat,3,
P008,Chicken Breast,26/03/2024,81,96.26,31.57,68,1.24,Meat,3,
P008,Chicken Breast,27/03/2024,80,93.66,30.26,67,0.12,Meat,3,
P008,Chicken Breast,28/03/2024,63,93.99,30.19,66,0.19,Meat,3,
P008,Chicken Breast,29/03/2024,45,93.65,31.95,71,0.13,Meat,3,
P008,Chicken Breast,30/03/2024,52,96.99,28.1,67,0.78,Meat,3,
P009,Orange Juice,01/01/2024,201,21.67,26,47,0.75,Beverage,14,
P009,Orange Juice,02/01/2024,202,23.47,26.02,51,1.86,Beverage,14,
P009,Orange Juice,03/01/2024,214,23.07,27.13,48,3.99,Beverage,14,
P009,Orange Juice,04/01/2024,213,22.31,27.52,46,6.05,Beverage,14,
P009,Orange Juice,05/01/2024,225,23.17,27.43,46,2.73,Beverage,14,
P009,Orange Juice,06/01/2024,193,23.65,28.28,47,2.69,Beverage,14,
P009,Orange Juice,07/01/2024,208,22.86,28.16,45,0.42,Beverage,14,
P009,Orange Juice,08/01/2024,181,21.49,29.55,51,3,Beverage,14,
P009,Orange Juice,09/01/2024,161,23.48,25.35,53,0.85,Beverage,14,
P009,Orange Juice,10/01/2024,206,22.65,27.23,52,2.6,Beverage,14,
P009,Orange Juice,11/01/2024,204,22.63,26.56,56,0.9,Beverage,14,
P009,Orange Juice,12/01/2024,189,21.59,26.63,52,2.74,Beverage,14,
P009,Orange Juice,13/01/2024,188,22.08,29.42,50,0.56,Beverage,14,
P009,Orange Juice,14/01/2024,189,20.99,26.69,53,1.69,Beverage,14,
P009,Orange Juice,15/01/2024,223,22.42,25.84,48,1.43,Beverage,14,
P009,Orange Juice,16/01/2024,213,23.38,26.78,56,1.93,Beverage,14,
P009,Orange Juice,17/01/2024,205,20.14,29.34,56,2.33,Beverage,14,
P009,Orange Juice,18/01/2024,219,23.75,29.93,53,2.27,Beverage,14,
P009,Orange Juice,19/01/2024,211,22.75,26.58,45,2.64,Beverage,14,
P009,Orange Juice,20/01/2024,199,20.02,26.99,46,10.07,Beverage,14,
P009,Orange Juice,21/01/2024,202,21.96,29.34,52,2.17,Beverage,14,
P009,Orange Juice,22/01/2024,207,20.53,28.33,48,0.4,Beverage,14,
P009,Orange Juice,23/01/2024,189,21.78,25.94,51,3.35,Beverage,14,
P009,Orange Juice,24/01/2024,208,22.65,29.34,50,0.88,Beverage,14,
P009,Orange Juice,25/01/2024,199,23.48,25.09,46,2.89,Beverage,14,
P009,Orange Juice,26/01/2024,203,23.18,27.85,56,0.36,Beverage,14,
P009,Orange Juice,27/01/2024,203,22.31,29.7,49,3.3,Beverage,14,
P009,Orange Juice,28/01/2024,211,20.19,26.74,46,22.33,Beverage,14,
P009,Orange Juice,29/01/2024,199,21.15,29.35,53,0.28,Beverage,14,
P009,Orange Juice,30/01/2024,205,21.31,25.55,46,1.55,Beverage,14,
P009,Orange Juice,31/01/2024,216,23.48,28.81,53,1.14,Beverage,14,
P009,Orange Juice,01/02/2024,209,21.31,26.88,50,3.14,Beverage,14,
P009,Orange Juice,02/02/2024,220,21.79,27.82,47,1.48,Beverage,14,
P009,Orange Juice,03/02/2024,224,20.06,26.19,45,1.76,Beverage,14,
P009,Orange Juice,04/02/2024,182,21.52,28.21,46,1.87,Beverage,14,
P009,Orange Juice,05/02/2024,205,20.1,29.32,46,1.96,Beverage,14,
P009,Orange Juice,06/02/2024,183,21.91,26.99,49,0.85,Beverage,14,
P009,Orange Juice,07/02/2024,177,22.87,26.97,51,5.03,Beverage,14,
P009,Orange Juice,08/02/2024,211,20.79,26.22,55,1.43,Beverage,14,
P009,Orange Juice,09/02/2024,204,21.94,27.4,47,0.32,Beverage,14,
P009,Orange Juice,10/02/2024,187,21.25,26.54,56,2.32,Beverage,14,
P009,Orange Juice,11/02/2024,185,23.91,28.05,46,1.53,Beverage,14,
P009,Orange Juice,12/02/2024,201,22.1,25.62,56,0.6,Beverage,14,
P009,Orange Juice,13/02/2024,220,20.74,28.55,52,4.73,Beverage,14,
P009,Orange Juice,14/02/2024,198,20.17,25.44,50,2.4,Beverage,14,
P009,Orange Juice,15/02/2024,212,22.55,28.17,55,0.01,Beverage,14,
P009,Orange Juice,16/02/2024,238,21.44,28.97,54,0.58,Beverage,14,
P009,Orange Juice,17/02/2024,206,20.95,29.53,52,1.31,Beverage,14,
P009,Orange Juice,18/02/2024,189,23.24,29.11,56,3.34,Beverage,14,
P009,Orange Juice,19/02/2024,213,22.35,28.83,54,1.8,Beverage,14,
P009,Orange Juice,20/02/2024,208,20.71,29.31,51,2.3,Beverage,14,
P009,Orange Juice,21/02/2024,189,22.19,26.56,47,2.8,Beverage,14,
P009,Orange Juice,22/02/2024,192,20.55,27.97,53,13.22,Beverage,14,
P009,Orange Juice,23/02/2024,179,21.78,28.48,47,1.75,Beverage,14,
P009,Orange Juice,24/02/2024,216,21.1,28.02,50,2.59,Beverage,14,
P009,Orange Juice,25/02/2024,192,22.38,25.4,52,3.11,Beverage,14,
P009,Orange Juice,26/02/2024,175,22.08,26.72,51,0.22,Beverage,14,
P009,Orange Juice,27/02/2024,181,22.56,25.34,49,0.22,Beverage,14,
P009,Orange Juice,28/02/2024,209,21.33,28.4,56,1.18,Beverage,14,
P009,Orange Juice,29/02/2024,177,21.45,28.35,51,1.43,Beverage,14,
P009,Orange Juice,01/03/2024,200,23.83,26.67,50,2.48,Beverage,14,
P009,Orange Juice,02/03/2024,202,21.64,25.88,53,0.56,Beverage,14,
P009,Orange Juice,03/03/2024,219,21.9,25.01,56,11.93,Beverage,14,
P009,Orange Juice,04/03/2024,195,20.61,26.91,51,1.53,Beverage,14,
P009,Orange Juice,05/03/2024,218,23.15,27.6,50,0.89,Beverage,14,
P009,Orange Juice,06/03/2024,202,23.13,29.32,49,5.25,Beverage,14,
P009,Orange Juice,07/03/2024,184,20.96,26.8,49,1.28,Beverage,14,
P009,Orange Juice,08/03/2024,187,21.79,27.55,47,1.52,Beverage,14,
P009,Orange Juice,09/03/2024,206,22.27,29.6,55,2.56,Beverage,14,
P009,Orange Juice,10/03/2024,237,20.47,26.96,56,8,Beverage,14,
P009,Orange Juice,11/03/2024,193,20.85,29.39,50,0.46,Beverage,14,
P009,Orange Juice,12/03/2024,217,20.62,29.09,49,0.07,Beverage,14,
P009,Orange Juice,13/03/2024,211,23.69,27.88,57,5.94,Beverage,14,
P009,Orange Juice,14/03/2024,202,21.27,27.44,50,5.3,Beverage,14,
P009,Orange Juice,15/03/2024,188,23.85,27.39,48,0.44,Beverage,14,
P009,Orange Juice,16/03/2024,205,22.02,27.75,56,1.12,Beverage,14,
P009,Orange Juice,17/03/2024,186,22.41,28.2,57,0.05,Beverage,14,
P009,Orange Juice,18/03/2024,198,20.77,26.82,47,2.49,Beverage,14,
P009,Orange Juice,19/03/2024,199,21.72,28.77,52,1.06,Beverage,14,
P009,Orange Juice,20/03/2024,178,21.21,25.85,49,0.39,Beverage,14,
P009,Orange Juice,21/03/2024,205,20.92,25.31,48,3.01,Beverage,14,
P009,Orange Juice,22/03/2024,191,22.5,26.16,56,1.1,Beverage,14,
P009,Orange Juice,23/03/2024,162,22.62,25.65,48,1.56,Beverage,14,
P009,Orange Juice,24/03/2024,214,23.31,26.77,55,1.6,Beverage,14,
P009,Orange Juice,25/03/2024,213,21.67,25.06,46,0.43,Beverage,14,
P009,Orange Juice,26/03/2024,211,20.55,28.95,49,4.28,Beverage,14,
P009,Orange Juice,27/03/2024,178,20.8,25.06,46,2.98,Beverage,14,
P009,Orange Juice,28/03/2024,203,21.06,25.32,48,1.39,Beverage,14,
P009,Orange Juice,29/03/2024,200,20.6,26.33,49,2.01,Beverage,14,
P009,Orange Juice,30/03/2024,233,23.24,26.62,56,3.16,Beverage,14,
P010,Greek Yogurt,01/01/2024,125,43.82,28.46,64,6.68,Dairy,4,
P010,Greek Yogurt,02/01/2024,115,43.24,30.43,63,8.59,Dairy,4,
P010,Greek Yogurt,03/01/2024,107,43.3,31.15,66,4.56,Dairy,4,
P010,Greek Yogurt,04/01/2024,104,42.55,28.98,62,6.76,Dairy,4,
P010,Greek Yogurt,05/01/2024,100,43.95,29.09,57,0.34,Dairy,4,
P010,Greek Yogurt,06/01/2024,113,40.34,28.72,62,0.13,Dairy,4,
P010,Greek Yogurt,07/01/2024,105,42.03,26.86,62,0.11,Dairy,4,
P010,Greek Yogurt,08/01/2024,113,43.1,28.44,58,1.29,Dairy,4,
P010,Greek Yogurt,09/01/2024,94,43.32,27.37,59,2.39,Dairy,4,
P010,Greek Yogurt,10/01/2024,118,40.33,26.84,64,0.06,Dairy,4,
P010,Greek Yogurt,11/01/2024,119,41.02,28.41,56,0.03,Dairy,4,
P010,Greek Yogurt,12/01/2024,130,42.12,27.8,63,3.1,Dairy,4,
P010,Greek Yogurt,13/01/2024,100,43.68,31.4,60,2,Dairy,4,
P010,Greek Yogurt,14/01/2024,124,40.17,29.1,66,0.51,Dairy,4,
P010,Greek Yogurt,15/01/2024,113,41.76,26.98,62,1.7,Dairy,4,
P010,Greek Yogurt,16/01/2024,96,43.71,29.56,60,0.96,Dairy,4,
P010,Greek Yogurt,17/01/2024,109,43.26,26.56,59,1.01,Dairy,4,
P010,Greek Yogurt,18/01/2024,141,42.18,30.81,55,0.9,Dairy,4,
P010,Greek Yogurt,19/01/2024,91,40.72,31.39,62,2.45,Dairy,4,
P010,Greek Yogurt,20/01/2024,119,41.08,26.77,60,4.2,Dairy,4,
P010,Greek Yogurt,21/01/2024,136,43.27,27.04,59,3.88,Dairy,4,
P010,Greek Yogurt,22/01/2024,115,41.37,27.57,57,0.49,Dairy,4,
P010,Greek Yogurt,23/01/2024,132,42.26,30.22,57,1.06,Dairy,4,
P010,Greek Yogurt,24/01/2024,103,43.51,29.94,61,2.58,Dairy,4,
P010,Greek Yogurt,25/01/2024,92,42.91,29.29,62,0.85,Dairy,4,
P010,Greek Yogurt,26/01/2024,107,43.52,31.46,62,0.65,Dairy,4,
P010,Greek Yogurt,27/01/2024,91,42.75,30.21,61,2.86,Dairy,4,
P010,Greek Yogurt,28/01/2024,126,40.02,28.38,63,2.42,Dairy,4,
P010,Greek Yogurt,29/01/2024,98,43.03,31.29,63,3.4,Dairy,4,
P010,Greek Yogurt,30/01/2024,120,43.99,30.71,60,6.28,Dairy,4,
P010,Greek Yogurt,31/01/2024,98,40.55,30.11,62,0.73,Dairy,4,
P010,Greek Yogurt,01/02/2024,79,40.01,29.82,60,3.57,Dairy,4,
P010,Greek Yogurt,02/02/2024,87,43.5,30.47,58,1.54,Dairy,4,
P010,Greek Yogurt,03/02/2024,129,42.32,29.05,57,0.2,Dairy,4,
P010,Greek Yogurt,04/02/2024,138,42.41,29.52,56,2.74,Dairy,4,
P010,Greek Yogurt,05/02/2024,138,40.31,26.61,57,2.07,Dairy,4,
P010,Greek Yogurt,06/02/2024,107,43.3,30.42,60,0.71,Dairy,4,
P010,Greek Yogurt,07/02/2024,103,41.31,29.1,67,0.48,Dairy,4,
P010,Greek Yogurt,08/02/2024,97,43.07,27.6,65,4.85,Dairy,4,
P010,Greek Yogurt,09/02/2024,108,41.68,30.17,60,3.09,Dairy,4,
P010,Greek Yogurt,10/02/2024,128,42.99,27.09,60,14.17,Dairy,4,
P010,Greek Yogurt,11/02/2024,119,40.74,30.2,64,2.66,Dairy,4,
P010,Greek Yogurt,12/02/2024,89,42.35,26.63,55,2.64,Dairy,4,
P010,Greek Yogurt,13/02/2024,92,43.76,29.99,65,1.06,Dairy,4,
P010,Greek Yogurt,14/02/2024,103,41.92,30.86,67,1.86,Dairy,4,
P010,Greek Yogurt,15/02/2024,86,42.52,28.68,59,3.67,Dairy,4,
P010,Greek Yogurt,16/02/2024,111,42.44,26.54,63,0.52,Dairy,4,
P010,Greek Yogurt,17/02/2024,112,43.83,27.18,58,3.21,Dairy,4,
P010,Greek Yogurt,18/02/2024,95,43.9,27.73,66,4.64,Dairy,4,
P010,Greek Yogurt,19/02/2024,97,41.07,28.36,64,5.59,Dairy,4,
P010,Greek Yogurt,20/02/2024,113,40.56,26.73,56,7.11,Dairy,4,
P010,Greek Yogurt,21/02/2024,107,40.35,29.16,55,4.43,Dairy,4,
P010,Greek Yogurt,22/02/2024,122,43.75,29.24,62,2.46,Dairy,4,
P010,Greek Yogurt,23/02/2024,97,42.5,26.76,66,4.65,Dairy,4,
P010,Greek Yogurt,24/02/2024,116,42.26,27.22,61,0.66,Dairy,4,
P010,Greek Yogurt,25/02/2024,110,43.87,28.82,63,8.81,Dairy,4,
P010,Greek Yogurt,26/02/2024,101,42.09,26.94,60,2.47,Dairy,4,
P010,Greek Yogurt,27/02/2024,134,42.17,27.07,56,1.55,Dairy,4,
P010,Greek Yogurt,28/02/2024,114,41.71,29.56,60,5.63,Dairy,4,
P010,Greek Yogurt,29/02/2024,131,42.68,27.2,60,5.69,Dairy,4,
P010,Greek Yogurt,01/03/2024,75,43.15,29.75,60,1.03,Dairy,4,
P010,Greek Yogurt,02/03/2024,95,40.21,27.06,65,1.84,Dairy,4,
P010,Greek Yogurt,03/03/2024,101,43.03,27.79,58,2.36,Dairy,4,
P010,Greek Yogurt,04/03/2024,119,42.64,30.27,62,0.4,Dairy,4,
P010,Greek Yogurt,05/03/2024,103,43.09,31.23,62,12.6,Dairy,4,
P010,Greek Yogurt,06/03/2024,100,41.37,26.64,63,0.3,Dairy,4,
P010,Greek Yogurt,07/03/2024,99,43.29,30.49,61,3.21,Dairy,4,
P010,Greek Yogurt,08/03/2024,87,40.78,28.4,57,1.75,Dairy,4,
P010,Greek Yogurt,09/03/2024,129,41.58,27.88,62,4.8,Dairy,4,
P010,Greek Yogurt,10/03/2024,99,41.79,31.08,62,2.2,Dairy,4,
P010,Greek Yogurt,11/03/2024,92,41.11,29.57,67,7.1,Dairy,4,
P010,Greek Yogurt,12/03/2024,113,40.13,31.42,55,2.73,Dairy,4,
P010,Greek Yogurt,13/03/2024,130,42.46,30.6,59,1.74,Dairy,4,
P010,Greek Yogurt,14/03/2024,98,42.02,26.92,63,4.88,Dairy,4,
P010,Greek Yogurt,15/03/2024,109,41.29,31.42,59,3.87,Dairy,4,
P010,Greek Yogurt,16/03/2024,117,40.65,31.49,64,1.67,Dairy,4,
P010,Greek Yogurt,17/03/2024,110,40.84,29.14,63,5.19,Dairy,4,
P010,Greek Yogurt,18/03/2024,106,43.43,28.4,57,0.62,Dairy,4,
P010,Greek Yogurt,19/03/2024,113,43.61,30.05,66,13.28,Dairy,4,
P010,Greek Yogurt,20/03/2024,130,41.98,29.76,63,1.33,Dairy,4,
P010,Greek Yogurt,21/03/2024,103,40.35,27.37,59,0.36,Dairy,4,
P010,Greek Yogurt,22/03/2024,125,41.39,30.1,57,0.46,Dairy,4,
P010,Greek Yogurt,23/03/2024,134,43.22,29.76,60,4.02,Dairy,4,
P010,Greek Yogurt,24/03/2024,105,40.51,30.72,65,3.02,Dairy,4,
P010,Greek Yogurt,25/03/2024,92,40.67,29.93,66,3.43,Dairy,4,
P010,Greek Yogurt,26/03/2024,128,41.12,29.78,55,5.44,Dairy,4,
P010,Greek Yogurt,27/03/2024,131,40.27,29.06,60,1.34,Dairy,4,
P010,Greek Yogurt,28/03/2024,125,43.75,30.32,59,3.18,Dairy,4,
P010,Greek Yogurt,29/03/2024,115,42.6,30.44,67,6.87,Dairy,4,
P010,Greek Yogurt,30/03/2024,117,40.44,30.87,65,2.47,Dairy,4,
P001,Greek Yogurt,31/03/2024,92,52.51,22.1,52.9,0,Vegetable,7,kg
P002,Greek Yogurt,31/03/2024,124,18.79,20.8,87.3,0,Vegetable,2,kg
P003,Greek Yogurt,31/03/2024,232,35.19,21,58,0,Vegetable,3,kg
P004,Greek Yogurt,31/03/2024,157,21.17,18.4,81.5,16,Dairy,5,liters
P005,Greek Yogurt,31/03/2024,62,18.56,21.7,51.1,0,Vegetable,6,kg
P006,Greek Yogurt,31/03/2024,101,34.57,27.4,64.1,0,Fruit,5,
P007,Greek Yogurt,31/03/2024,134,20.89,28.4,52.9,0,Bakery,2,
P008,Greek Yogurt,31/03/2024,49,92.35,27.9,74,0,Meat,3,
P009,Greek Yogurt,31/03/2024,232,21.77,26.8,55.4,0,Beverage,14,
P010,Greek Yogurt,31/03/2024,92,41.18,27.1,61.8,3.3,Dairy,4,
P001,Greek Yogurt,01/04/2024,112,21.93,33.7,84.2,0,Vegetable,7,kg
P002,Greek Yogurt,01/04/2024,118,42.05,27.4,60.9,0,Vegetable,2,kg
P003,Greek Yogurt,01/04/2024,192,0.99,30.4,68.5,0,Vegetable,3,kg
P004,Greek Yogurt,01/04/2024,196,20.28,30.7,78.5,0,Dairy,5,liters
P005,Greek Yogurt,01/04/2024,31,30,32.6,54.8,0,Vegetable,6,kg
P006,Greek Yogurt,01/04/2024,107,34.97,29.5,62.3,0,Fruit,5,
P007,Greek Yogurt,01/04/2024,150,18.31,30.1,50.5,0,Bakery,2,
P008,Greek Yogurt,01/04/2024,37,92.16,27.7,71,0,Meat,3,
P009,Greek Yogurt,01/04/2024,211,22.14,25.3,54.3,0,Beverage,14,
P010,Greek Yogurt,01/04/2024,119,42.92,31.2,66.5,0,Dairy,4,
P001,Greek Yogurt,02/04/2024,69,27.85,29.1,51.6,0,Vegetable,7,kg
P002,Greek Yogurt,02/04/2024,120,29.55,28.7,79,16.1,Vegetable,2,kg
P003,Greek Yogurt,02/04/2024,54,29,29.3,57.4,0,Vegetable,3,kg
P004,Greek Yogurt,02/04/2024,180,43.06,26.6,62.8,0,Dairy,5,liters
P005,Greek Yogurt,02/04/2024,65,26.53,27.3,51.3,0,Vegetable,6,kg
P006,Greek Yogurt,02/04/2024,113,34.68,28.2,70.2,3.8,Fruit,5,
P007,Greek Yogurt,02/04/2024,105,18.73,27.4,54.2,10.3,Bakery,2,
P008,Greek Yogurt,02/04/2024,89,96.42,28.5,74.2,0,Meat,3,
P009,Greek Yogurt,02/04/2024,192,21.47,29.1,53.5,0.1,Beverage,14,
P010,Greek Yogurt,02/04/2024,112,42.06,31.3,57.7,0,Dairy,4,
P001,Greek Yogurt,03/04/2024,162,30.01,32.7,56.5,0,Vegetable,7,kg
P002,Greek Yogurt,03/04/2024,222,14.93,27.3,66.8,4.6,Vegetable,2,kg
P003,Greek Yogurt,03/04/2024,58,39.13,30,57.1,0,Vegetable,3,kg
P004,Greek Yogurt,03/04/2024,125,26.3,26.6,62.2,0,Dairy,5,liters
P005,Greek Yogurt,03/04/2024,123,22.33,28.5,57.1,0,Vegetable,6,kg
P006,Greek Yogurt,03/04/2024,89,34.88,31.1,61.2,0.7,Fruit,5,
P007,Greek Yogurt,03/04/2024,135,20.13,26.5,59.9,0,Bakery,2,
P008,Greek Yogurt,03/04/2024,67,94.56,31.3,65.1,13.6,Meat,3,
P009,Greek Yogurt,03/04/2024,202,21.03,30.1,46.8,0,Beverage,14,
P010,Greek Yogurt,03/04/2024,114,41.76,31,61.9,0,Dairy,4,
P001,Greek Yogurt,04/04/2024,114,36.04,30,68.4,16.5,Vegetable,7,kg
P002,Greek Yogurt,04/04/2024,212,30.89,27.8,82.8,0,Vegetable,2,kg
P003,Greek Yogurt,04/04/2024,40,24.63,29.6,56.5,0,Vegetable,3,kg
P004,Greek Yogurt,04/04/2024,38,34.82,28.6,66.4,0,Dairy,5,liters
P005,Greek Yogurt,04/04/2024,181,13.23,28.8,74.3,0,Vegetable,6,kg
P006,Greek Yogurt,04/04/2024,88,35.71,29.8,64.6,0,Fruit,5,
P007,Greek Yogurt,04/04/2024,126,16.8,30.2,58.3,0,Bakery,2,
P008,Greek Yogurt,04/04/2024,63,93.53,28.7,74.8,0,Meat,3,
P009,Greek Yogurt,04/04/2024,208,23.91,25.4,50.2,0,Beverage,14,
P010,Greek Yogurt,04/04/2024,136,41.4,31.2,66.5,0,Dairy,4,
P001,Greek Yogurt,05/04/2024,86,14.44,29.7,77.1,11,Vegetable,7,kg
P002,Greek Yogurt,05/04/2024,78,19.14,27.2,85.8,0,Vegetable,2,kg
P003,Greek Yogurt,05/04/2024,80,27.76,29,78.9,0,Vegetable,3,kg
P004,Greek Yogurt,05/04/2024,87,33.35,29.9,86.1,0,Dairy,5,liters
P005,Greek Yogurt,05/04/2024,151,25.99,32.9,76.1,0,Vegetable,6,kg
P006,Greek Yogurt,05/04/2024,131,35.86,28,68.4,0,Fruit,5,
P007,Greek Yogurt,05/04/2024,148,18.25,31,53.4,0,Bakery,2,
P008,Greek Yogurt,05/04/2024,62,93.68,30.7,71.2,0,Meat,3,
P009,Greek Yogurt,05/04/2024,192,21.08,25.7,50.1,0,Beverage,14,
P010,Greek Yogurt,05/04/2024,96,42.84,28,62.8,9.4,Dairy,4,
P001,Greek Yogurt,06/04/2024,192,54.54,31.9,61.2,16.2,Vegetable,7,kg
P002,Greek Yogurt,06/04/2024,194,29.73,27.9,72.5,18.4,Vegetable,2,kg
P003,Greek Yogurt,06/04/2024,233,32.59,27.6,82.1,2.5,Vegetable,3,kg
P004,Greek Yogurt,06/04/2024,166,29.43,29.6,79.3,0,Dairy,5,liters
P005,Greek Yogurt,06/04/2024,136,16.8,32.4,54.9,0,Vegetable,6,kg
P006,Greek Yogurt,06/04/2024,86,35.27,28.2,60.5,0,Fruit,5,
P007,Greek Yogurt,06/04/2024,156,17.13,26.8,60.8,0,Bakery,2,
P008,Greek Yogurt,06/04/2024,48,94.95,30.8,72.5,0,Meat,3,
P009,Greek Yogurt,06/04/2024,180,23.36,26.1,57,0,Beverage,14,
P010,Greek Yogurt,06/04/2024,103,39.48,26.3,59.8,0,Dairy,4,
P001,Greek Yogurt,07/04/2024,185,19.11,30.1,51.3,0,Vegetable,7,kg
P002,Greek Yogurt,07/04/2024,146,36.67,28,65.1,17.1,Vegetable,2,kg
P003,Greek Yogurt,07/04/2024,135,34.72,28.8,62.9,0,Vegetable,3,kg
P004,Greek Yogurt,07/04/2024,172,19.08,28.4,85.2,0,Dairy,5,liters
P005,Greek Yogurt,07/04/2024,95,48.18,29.7,72.9,0,Vegetable,6,kg
P006,Greek Yogurt,07/04/2024,95,35.58,26.7,70.9,0,Fruit,5,
P007,Greek Yogurt,07/04/2024,134,17.2,31.5,58.7,0,Bakery,2,
P008,Greek Yogurt,07/04/2024,65,95.86,29.4,68.9,0,Meat,3,
P009,Greek Yogurt,07/04/2024,171,22.49,29.7,50.6,0,Beverage,14,
P010,Greek Yogurt,07/04/2024,119,41.74,30,56.6,3,Dairy,4,
P001,Greek Yogurt,08/04/2024,115,5.33,31.1,57.6,0,Vegetable,7,kg
P002,Greek Yogurt,08/04/2024,176,33.41,32.7,70,0,Vegetable,2,kg
P003,Greek Yogurt,08/04/2024,134,41.88,29.7,63.7,0,Vegetable,3,kg
P004,Greek Yogurt,08/04/2024,121,36.43,31.1,88.5,0,Dairy,5,liters
P005,Greek Yogurt,08/04/2024,106,38.94,28.3,73,0,Vegetable,6,kg
P006,Greek Yogurt,08/04/2024,85,36.49,29.5,68.4,0,Fruit,5,
P007,Greek Yogurt,08/04/2024,156,18.58,25.7,61.7,10,Bakery,2,
P008,Greek Yogurt,08/04/2024,61,95.24,30,71.7,9.3,Meat,3,
P009,Greek Yogurt,08/04/2024,206,22.66,28.6,49.8,0,Beverage,14,
P010,Greek Yogurt,08/04/2024,116,42.81,30.6,55.5,12.5,Dairy,4,
P001,Greek Yogurt,09/04/2024,205,30.74,28.1,80.4,0,Vegetable,7,kg
P002,Greek Yogurt,09/04/2024,99,23.01,32.7,68.4,16.7,Vegetable,2,kg
P003,Greek Yogurt,09/04/2024,56,41.16,31.7,56.1,0,Vegetable,3,kg
P004,Greek Yogurt,09/04/2024,131,58.06,26.6,63.4,4.4,Dairy,5,liters
P005,Greek Yogurt,09/04/2024,58,26.17,31.6,65.6,17.3,Vegetable,6,kg
P006,Greek Yogurt,09/04/2024,81,34.76,29.8,65.3,0.2,Fruit,5,
P007,Greek Yogurt,09/04/2024,174,17.69,27.8,50.7,0,Bakery,2,
P008,Greek Yogurt,09/04/2024,13,95.04,29.3,67.3,13.3,Meat,3,
P009,Greek Yogurt,09/04/2024,193,22.93,28.5,47.5,0,Beverage,14,
P010,Greek Yogurt,09/04/2024,113,41.64,28.1,62,12.8,Dairy,4,
P001,Greek Yogurt,10/04/2024,147,34.7,33.5,64.9,0,Vegetable,7,kg
P002,Greek Yogurt,10/04/2024,122,38.41,27.8,68,0,Vegetable,2,kg
P003,Greek Yogurt,10/04/2024,161,16.16,31.5,75.2,0,Vegetable,3,kg
P004,Greek Yogurt,10/04/2024,131,24.51,28.6,51.8,0,Dairy,5,liters
P005,Greek Yogurt,10/04/2024,133,15.77,28.2,50.7,0,Vegetable,6,kg
P006,Greek Yogurt,10/04/2024,97,37.1,29.2,64.1,0,Fruit,5,
P007,Greek Yogurt,10/04/2024,112,16.79,29.6,60.3,0,Bakery,2,
P008,Greek Yogurt,10/04/2024,60,94.7,29.3,75.9,0,Meat,3,
P009,Greek Yogurt,10/04/2024,196,21.9,28,46.3,0,Beverage,14,
P010,Greek Yogurt,10/04/2024,104,42.41,29.3,57.9,0,Dairy,4,
P001,Greek Yogurt,11/04/2024,80,22.04,28.2,53.7,0,Vegetable,7,kg
P002,Greek Yogurt,11/04/2024,182,29.55,28.7,64.2,0,Vegetable,2,kg
P003,Greek Yogurt,11/04/2024,51,44.23,31.2,76.4,0,Vegetable,3,kg
P004,Greek Yogurt,11/04/2024,91,42.95,27.3,88.4,0,Dairy,5,liters
P005,Greek Yogurt,11/04/2024,51,38.86,32.1,68.9,0,Vegetable,6,kg
P006,Greek Yogurt,11/04/2024,108,35.2,26.9,62.2,0,Fruit,5,
P007,Greek Yogurt,11/04/2024,124,19.15,30.3,52.2,0,Bakery,2,
P008,Greek Yogurt,11/04/2024,53,95.39,28.6,71.6,0,Meat,3,
P009,Greek Yogurt,11/04/2024,218,21.76,28.8,48.3,0,Beverage,14,
P010,Greek Yogurt,11/04/2024,81,39.85,26.5,65.4,0,Dairy,4,
P001,Greek Yogurt,12/04/2024,93,39.46,28.8,51.2,0,Vegetable,7,kg
P002,Greek Yogurt,12/04/2024,94,31.49,27.7,68.7,0,Vegetable,2,kg
P003,Greek Yogurt,12/04/2024,226,24.81,32.2,81.7,0,Vegetable,3,kg
P004,Greek Yogurt,12/04/2024,146,23.99,29.6,74,0,Dairy,5,liters
P005,Greek Yogurt,12/04/2024,46,25.82,32.6,73,0,Vegetable,6,kg
P006,Greek Yogurt,12/04/2024,97,34.73,30.7,65,0,Fruit,5,
P007,Greek Yogurt,12/04/2024,124,17.87,31.2,54.8,0,Bakery,2,
P008,Greek Yogurt,12/04/2024,53,94.77,30.9,69.2,0,Meat,3,
P009,Greek Yogurt,12/04/2024,216,21.44,25.8,53.5,0,Beverage,14,
P010,Greek Yogurt,12/04/2024,111,42.77,31.4,55.8,0,Dairy,4,
P001,Greek Yogurt,13/04/2024,190,34.85,29.1,61.2,0,Vegetable,7,kg
P002,Greek Yogurt,13/04/2024,141,48.55,31.9,57.9,0,Vegetable,2,kg
P003,Greek Yogurt,13/04/2024,120,33.6,32.2,84.8,0,Vegetable,3,kg
P004,Greek Yogurt,13/04/2024,141,11.31,27.3,53.1,0,Dairy,5,liters
P005,Greek Yogurt,13/04/2024,80,28.45,31.2,73.9,0,Vegetable,6,kg
P006,Greek Yogurt,13/04/2024,65,34.51,29,62.1,0,Fruit,5,
P007,Greek Yogurt,13/04/2024,154,19.85,28.7,61.7,5.6,Bakery,2,
P008,Greek Yogurt,13/04/2024,64,94.38,30.8,72.8,0,Meat,3,
P009,Greek Yogurt,13/04/2024,213,22.59,28.5,54,0,Beverage,14,
P010,Greek Yogurt,13/04/2024,100,44.26,29.5,66.5,0,Dairy,4,
P001,Greek Yogurt,14/04/2024,171,25.58,30.2,51.8,0,Vegetable,7,kg
P002,Greek Yogurt,14/04/2024,160,43.86,29.9,69.4,0,Vegetable,2,kg
P003,Greek Yogurt,14/04/2024,164,37.85,30.4,54.7,0,Vegetable,3,kg
P004,Greek Yogurt,14/04/2024,104,13.14,26.7,71.9,0,Dairy,5,liters
P005,Greek Yogurt,14/04/2024,135,42.88,32.9,57.9,0,Vegetable,6,kg
P006,Greek Yogurt,14/04/2024,103,34.9,28.4,69.4,6.2,Fruit,5,
P007,Greek Yogurt,14/04/2024,150,16.51,26.8,59.2,0,Bakery,2,
P008,Greek Yogurt,14/04/2024,51,94.93,28.5,76,0,Meat,3,
P009,Greek Yogurt,14/04/2024,211,21.95,25.1,46.8,0,Beverage,14,
P010,Greek Yogurt,14/04/2024,105,40.69,31.9,64.1,12.3,Dairy,4,
P001,Greek Yogurt,15/04/2024,87,26.7,31.3,53.2,10.8,Vegetable,7,kg
P002,Greek Yogurt,15/04/2024,86,36.2,31.3,84.9,6.6,Vegetable,2,kg
P003,Greek Yogurt,15/04/2024,126,18.59,30.9,61.1,0,Vegetable,3,kg
P004,Greek Yogurt,15/04/2024,140,44.79,26.7,82.4,17.4,Dairy,5,liters
P005,Greek Yogurt,15/04/2024,222,23.37,33.1,79.4,0,Vegetable,6,kg
P006,Greek Yogurt,15/04/2024,91,34.25,31.5,67.5,0,Fruit,5,
P007,Greek Yogurt,15/04/2024,131,18.88,26.4,60.1,0,Bakery,2,
P008,Greek Yogurt,15/04/2024,61,95.08,31.1,72.8,0,Meat,3,
P009,Greek Yogurt,15/04/2024,193,20.9,24.8,55.1,2.5,Beverage,14,
P010,Greek Yogurt,15/04/2024,101,43.38,30.6,57,0,Dairy,4,
P001,Greek Yogurt,16/04/2024,87,16.77,29.1,70.1,15.7,Vegetable,7,kg
P002,Greek Yogurt,16/04/2024,158,41.85,27.3,69.8,0,Vegetable,2,kg
P003,Greek Yogurt,16/04/2024,106,27.75,30.7,51.6,0,Vegetable,3,kg
P004,Greek Yogurt,16/04/2024,66,18.15,26.6,78.7,0,Dairy,5,liters
P005,Greek Yogurt,16/04/2024,94,45.41,27.6,62.9,0,Vegetable,6,kg
P006,Greek Yogurt,16/04/2024,88,36.43,28.2,68.1,0,Fruit,5,
P007,Greek Yogurt,16/04/2024,145,19.24,29.1,55.7,0,Bakery,2,
P008,Greek Yogurt,16/04/2024,44,94.35,32.3,68.9,0,Meat,3,
P009,Greek Yogurt,16/04/2024,198,23.81,28.9,45.1,18.5,Beverage,14,
P010,Greek Yogurt,16/04/2024,93,42.54,29.6,64.5,0,Dairy,4,
P001,Greek Yogurt,17/04/2024,127,40.8,29,87.4,0,Vegetable,7,kg
P002,Greek Yogurt,17/04/2024,114,24.85,33.1,79.2,0,Vegetable,2,kg
P003,Greek Yogurt,17/04/2024,93,28.69,30.8,79.2,0,Vegetable,3,kg
P004,Greek Yogurt,17/04/2024,198,52.28,27.3,76.2,0,Dairy,5,liters
P005,Greek Yogurt,17/04/2024,242,27.97,29.2,54.2,0,Vegetable,6,kg
P006,Greek Yogurt,17/04/2024,109,36.21,27,61.1,0,Fruit,5,
P007,Greek Yogurt,17/04/2024,123,18.83,29.9,56,0,Bakery,2,
P008,Greek Yogurt,17/04/2024,18,95.86,29.2,68.6,0,Meat,3,
P009,Greek Yogurt,17/04/2024,205,21.35,25.9,46.7,0,Beverage,14,
P010,Greek Yogurt,17/04/2024,110,41.07,31.9,66.7,0,Dairy,4,
P001,Greek Yogurt,18/04/2024,181,12.15,33.4,62.2,16.9,Vegetable,7,kg
P002,Greek Yogurt,18/04/2024,186,31.29,31.9,84.7,0,Vegetable,2,kg
P003,Greek Yogurt,18/04/2024,92,35.32,29.7,52.3,0,Vegetable,3,kg
P004,Greek Yogurt,18/04/2024,137,36.4,27.1,65.8,0,Dairy,5,liters
P005,Greek Yogurt,18/04/2024,104,31.25,31.7,63.1,0,Vegetable,6,kg
P006,Greek Yogurt,18/04/2024,87,33.33,31.3,62.6,0,Fruit,5,
P007,Greek Yogurt,18/04/2024,129,19.74,26.2,59.1,0,Bakery,2,
P008,Greek Yogurt,18/04/2024,75,94.97,33.4,76.7,0,Meat,3,
P009,Greek Yogurt,18/04/2024,203,21.78,27.6,55.1,0,Beverage,14,
P010,Greek Yogurt,18/04/2024,121,42.13,29.2,61.8,0,Dairy,4,
P001,Greek Yogurt,19/04/2024,70,13.87,29.9,86.5,0,Vegetable,7,kg
P002,Greek Yogurt,19/04/2024,137,16.89,29.8,71.4,0,Vegetable,2,kg
P003,Greek Yogurt,19/04/2024,111,27.7,33.1,86.6,0,Vegetable,3,kg
P004,Greek Yogurt,19/04/2024,181,21.64,31.9,77.3,0,Dairy,5,liters
P005,Greek Yogurt,19/04/2024,182,21.67,31.3,55.5,0,Vegetable,6,kg
P006,Greek Yogurt,19/04/2024,87,33.52,28.6,65.4,0,Fruit,5,
P007,Greek Yogurt,19/04/2024,149,20.17,26,60.1,0,Bakery,2,
P008,Greek Yogurt,19/04/2024,67,96.38,29.3,69.7,0,Meat,3,
P009,Greek Yogurt,19/04/2024,209,21.49,25.2,49.7,10.9,Beverage,14,
P010,Greek Yogurt,19/04/2024,107,44.15,30.5,60.9,0,Dairy,4,
P001,Greek Yogurt,20/04/2024,57,17.9,32.4,80.2,0,Vegetable,7,kg
P002,Greek Yogurt,20/04/2024,201,43.6,28.1,59,15.3,Vegetable,2,kg
P003,Greek Yogurt,20/04/2024,18,27.33,32.5,62,0,Vegetable,3,kg
P004,Greek Yogurt,20/04/2024,196,40.13,28.3,78.6,0,Dairy,5,liters
P005,Greek Yogurt,20/04/2024,112,33.87,28,87.4,0,Vegetable,6,kg
P006,Greek Yogurt,20/04/2024,112,36.58,30.7,68.1,0,Fruit,5,
P007,Greek Yogurt,20/04/2024,132,17.56,27.5,51.2,3.2,Bakery,2,
P008,Greek Yogurt,20/04/2024,72,94.6,31.5,71.3,0,Meat,3,
P009,Greek Yogurt,20/04/2024,199,21.27,29,45.5,0,Beverage,14,
P010,Greek Yogurt,20/04/2024,104,43.59,28.6,59.8,0,Dairy,4,
P001,Greek Yogurt,21/04/2024,176,45.95,29,69.6,0,Vegetable,7,kg
P002,Greek Yogurt,21/04/2024,149,18.93,32.1,89.2,18.9,Vegetable,2,kg
P003,Greek Yogurt,21/04/2024,217,21.78,28,80.9,0,Vegetable,3,kg
P004,Greek Yogurt,21/04/2024,189,30.52,31,73.5,1.2,Dairy,5,liters
P005,Greek Yogurt,21/04/2024,53,15.95,27.4,61.2,3.7,Vegetable,6,kg
P006,Greek Yogurt,21/04/2024,67,35.9,27.6,66,0,Fruit,5,
P007,Greek Yogurt,21/04/2024,125,19.04,31,55.1,0,Bakery,2,
P008,Greek Yogurt,21/04/2024,54,96.75,29,76.7,0,Meat,3,
P009,Greek Yogurt,21/04/2024,193,20.24,28.9,45.6,0,Beverage,14,
P010,Greek Yogurt,21/04/2024,117,41.75,27.4,63.7,0,Dairy,4,
P001,Greek Yogurt,22/04/2024,82,17.16,29.3,70.8,11.1,Vegetable,7,kg
P002,Greek Yogurt,22/04/2024,118,18.83,30,55.7,0,Vegetable,2,kg
P003,Greek Yogurt,22/04/2024,153,36.74,30.2,62.1,0,Vegetable,3,kg
P004,Greek Yogurt,22/04/2024,137,21.72,32.3,76.1,0,Dairy,5,liters
P005,Greek Yogurt,22/04/2024,75,30.66,32.3,78,0,Vegetable,6,kg
P006,Greek Yogurt,22/04/2024,70,34.6,27.6,70.4,0,Fruit,5,
P007,Greek Yogurt,22/04/2024,111,19.85,27.6,58.2,10.3,Bakery,2,
P008,Greek Yogurt,22/04/2024,42,95.14,27.7,75.8,0,Meat,3,
P009,Greek Yogurt,22/04/2024,189,20.69,28.3,47.9,0,Beverage,14,
P010,Greek Yogurt,22/04/2024,106,44.11,28.7,61,0,Dairy,4,
P001,Greek Yogurt,23/04/2024,135,26.54,32.5,73,18.5,Vegetable,7,kg
P002,Greek Yogurt,23/04/2024,115,25.32,30.4,66.2,0,Vegetable,2,kg
P003,Greek Yogurt,23/04/2024,100,18.07,28,85.6,0,Vegetable,3,kg
P004,Greek Yogurt,23/04/2024,201,25.04,29.3,64.1,0.4,Dairy,5,liters
P005,Greek Yogurt,23/04/2024,102,38.07,28.2,63.5,0,Vegetable,6,kg
P006,Greek Yogurt,23/04/2024,73,33.72,31.7,61.7,0,Fruit,5,
P007,Greek Yogurt,23/04/2024,161,19.03,28.5,52.8,0,Bakery,2,
P008,Greek Yogurt,23/04/2024,26,93.85,27.7,67.4,0,Meat,3,
P009,Greek Yogurt,23/04/2024,217,22.32,28.9,48.7,0,Beverage,14,
P010,Greek Yogurt,23/04/2024,105,41.07,30.3,60.5,0,Dairy,4,
P001,Greek Yogurt,24/04/2024,179,30.48,30.7,62,0,Vegetable,7,kg
P002,Greek Yogurt,24/04/2024,112,22.4,32,83.4,1.2,Vegetable,2,kg
P003,Greek Yogurt,24/04/2024,113,34.38,27.5,85.5,0,Vegetable,3,kg
P004,Greek Yogurt,24/04/2024,113,24.84,26.6,76.8,0,Dairy,5,liters
P005,Greek Yogurt,24/04/2024,110,15.49,31.8,75.3,0,Vegetable,6,kg
P006,Greek Yogurt,24/04/2024,113,36.15,28.6,62.8,4.3,Fruit,5,
P007,Greek Yogurt,24/04/2024,119,17.14,29.2,50.3,11.9,Bakery,2,
P008,Greek Yogurt,24/04/2024,92,94.19,28.9,76.3,0,Meat,3,
P009,Greek Yogurt,24/04/2024,190,23.59,27,47.1,0,Beverage,14,
P010,Greek Yogurt,24/04/2024,121,42.49,30.3,55.8,0,Dairy,4,
P001,Greek Yogurt,25/04/2024,156,25.09,31.8,89.7,0,Vegetable,7,kg
P002,Greek Yogurt,25/04/2024,143,32.04,31.5,62.3,0,Vegetable,2,kg
P003,Greek Yogurt,25/04/2024,109,17.01,30.7,61.4,0,Vegetable,3,kg
P004,Greek Yogurt,25/04/2024,165,34.02,27.6,88.9,0,Dairy,5,liters
P005,Greek Yogurt,25/04/2024,72,18.22,28.5,81.3,0,Vegetable,6,kg
P006,Greek Yogurt,25/04/2024,60,35.72,31.1,64.8,0,Fruit,5,
P007,Greek Yogurt,25/04/2024,138,19.3,30.7,55.9,0,Bakery,2,
P008,Greek Yogurt,25/04/2024,49,92.84,30.6,67.7,0,Meat,3,
P009,Greek Yogurt,25/04/2024,168,22.05,26.5,51.6,0,Beverage,14,
P010,Greek Yogurt,25/04/2024,137,41.86,29.6,58.4,0,Dairy,4,
P001,Greek Yogurt,26/04/2024,118,37.68,33.4,54.6,0,Vegetable,7,kg
P002,Greek Yogurt,26/04/2024,109,28.82,30.3,61.1,16.9,Vegetable,2,kg
P003,Greek Yogurt,26/04/2024,76,16.44,30.1,75,0,Vegetable,3,kg
P004,Greek Yogurt,26/04/2024,142,30.59,30.8,61.6,0,Dairy,5,liters
P005,Greek Yogurt,26/04/2024,73,0.99,31.4,57,0,Vegetable,6,kg
P006,Greek Yogurt,26/04/2024,75,34.46,27.3,61.9,0,Fruit,5,
P007,Greek Yogurt,26/04/2024,148,16.86,26.1,59.3,0,Bakery,2,
P008,Greek Yogurt,26/04/2024,58,92.46,29.6,74.1,4.7,Meat,3,
P009,Greek Yogurt,26/04/2024,204,20.96,28.2,49.6,0,Beverage,14,
P010,Greek Yogurt,26/04/2024,115,41.18,29.4,57.9,11.5,Dairy,4,
P001,Greek Yogurt,27/04/2024,111,22.33,30.5,51,3.1,Vegetable,7,kg
P002,Greek Yogurt,27/04/2024,157,38.91,32,52,0,Vegetable,2,kg
P003,Greek Yogurt,27/04/2024,135,9.58,29.1,55.3,5.7,Vegetable,3,kg
P004,Greek Yogurt,27/04/2024,125,21.63,26.7,69.9,0,Dairy,5,liters
P005,Greek Yogurt,27/04/2024,129,26.59,30.1,58.1,7.1,Vegetable,6,kg
P006,Greek Yogurt,27/04/2024,69,34.87,31.7,64.4,0,Fruit,5,
P007,Greek Yogurt,27/04/2024,132,18.36,29.2,55.7,0,Bakery,2,
P008,Greek Yogurt,27/04/2024,67,93.92,30.3,68.4,7,Meat,3,
P009,Greek Yogurt,27/04/2024,206,22.29,28.3,55.3,7.3,Beverage,14,
P010,Greek Yogurt,27/04/2024,86,40.66,31.2,64.3,0,Dairy,4,
P001,Greek Yogurt,28/04/2024,90,27.78,32.6,81.6,0,Vegetable,7,kg
P002,Greek Yogurt,28/04/2024,62,30.02,32.8,56.1,0,Vegetable,2,kg
P003,Greek Yogurt,28/04/2024,99,24.81,32.1,88.8,18.7,Vegetable,3,kg
P004,Greek Yogurt,28/04/2024,167,38.88,29.5,58.9,14.7,Dairy,5,liters
P005,Greek Yogurt,28/04/2024,34,19.11,28.5,58.1,0,Vegetable,6,kg
P006,Greek Yogurt,28/04/2024,94,35.79,30.3,65.6,7.7,Fruit,5,
P007,Greek Yogurt,28/04/2024,182,18.58,28,54.1,7.6,Bakery,2,
P008,Greek Yogurt,28/04/2024,76,96.43,31.8,73.2,0,Meat,3,
P009,Greek Yogurt,28/04/2024,216,21.07,27.2,50.4,0,Beverage,14,
P010,Greek Yogurt,28/04/2024,123,41.35,29.9,67,0,Dairy,4,
P001,Greek Yogurt,29/04/2024,185,37.06,29.8,66.2,0,Vegetable,7,kg
P002,Greek Yogurt,29/04/2024,50,28.76,27.7,73.2,0,Vegetable,2,kg
P003,Greek Yogurt,29/04/2024,144,33.7,28.4,62.5,0,Vegetable,3,kg
P004,Greek Yogurt,29/04/2024,179,29.84,27.2,50.2,14.9,Dairy,5,liters
P005,Greek Yogurt,29/04/2024,28,37.47,31.2,54.8,0,Vegetable,6,kg
P006,Greek Yogurt,29/04/2024,120,36.31,27.4,70.4,1.3,Fruit,5,
P007,Greek Yogurt,29/04/2024,167,18.17,31.3,56.5,0,Bakery,2,
P008,Greek Yogurt,29/04/2024,58,95.92,32.3,65,0,Meat,3,
P009,Greek Yogurt,29/04/2024,207,23.2,29.7,53.7,0,Beverage,14,
P010,Greek Yogurt,29/04/2024,106,42.27,30,56.3,10.9,Dairy,4,
P001,Greek Yogurt,30/04/2024,116,18.23,31.4,59,0,Vegetable,7,kg
P002,Greek Yogurt,30/04/2024,153,8.11,32.5,71.1,0,Vegetable,2,kg
P003,Greek Yogurt,30/04/2024,163,46.88,32.4,58.9,0,Vegetable,3,kg
P004,Greek Yogurt,30/04/2024,102,38.78,29.5,62,0,Dairy,5,liters
P005,Greek Yogurt,30/04/2024,132,35.85,27.3,75.2,0,Vegetable,6,kg
P006,Greek Yogurt,30/04/2024,85,35.91,32.4,63.6,0,Fruit,5,
P007,Greek Yogurt,30/04/2024,123,15.51,26.8,51.3,0,Bakery,2,
P008,Greek Yogurt,30/04/2024,83,94.18,30.2,74.3,0,Meat,3,
P009,Greek Yogurt,30/04/2024,191,21.53,28,53.4,0,Beverage,14,
P010,Greek Yogurt,30/04/2024,110,41.54,29,60.3,0,Dairy,4,
P001,Greek Yogurt,01/05/2024,156,40.93,39.1,50.1,0.5,Vegetable,7,kg
P002,Greek Yogurt,01/05/2024,147,12.04,41,69.6,0,Vegetable,2,kg
P003,Greek Yogurt,01/05/2024,163,7.21,38.7,53.2,0,Vegetable,3,kg
P004,Greek Yogurt,01/05/2024,136,16.44,37.2,89.2,0,Dairy,5,liters
P005,Greek Yogurt,01/05/2024,47,37.2,37.8,65.6,10.6,Vegetable,6,kg
P006,Greek Yogurt,01/05/2024,78,35.67,32.6,62.7,0,Fruit,5,
P007,Greek Yogurt,01/05/2024,107,18.04,28,53.8,0,Bakery,2,
P008,Greek Yogurt,01/05/2024,46,96.3,33.9,73,0,Meat,3,
P009,Greek Yogurt,01/05/2024,216,21.98,30.7,56.2,0,Beverage,14,
P010,Greek Yogurt,01/05/2024,104,43.14,29.6,60.8,0,Dairy,4,
P001,Greek Yogurt,02/05/2024,173,45.3,41.2,88.9,0,Vegetable,7,kg
P002,Greek Yogurt,02/05/2024,137,39.04,36.7,80.2,0,Vegetable,2,kg
P003,Greek Yogurt,02/05/2024,151,36.53,42.1,72.2,12.1,Vegetable,3,kg
P004,Greek Yogurt,02/05/2024,149,30.81,39.5,59.7,0,Dairy,5,liters
P005,Greek Yogurt,02/05/2024,83,31.78,42.2,86.7,0,Vegetable,6,kg
P006,Greek Yogurt,02/05/2024,86,36.03,34,67.9,0,Fruit,5,
P007,Greek Yogurt,02/05/2024,164,18.3,27.6,55.1,0,Bakery,2,
P008,Greek Yogurt,02/05/2024,77,94.25,35.1,65.4,0,Meat,3,
P009,Greek Yogurt,02/05/2024,203,22.4,29.7,49.2,0,Beverage,14,
P010,Greek Yogurt,02/05/2024,102,41.59,33.5,64,0,Dairy,4,
P001,Greek Yogurt,03/05/2024,71,19.84,40.7,62.9,0,Vegetable,7,kg
P002,Greek Yogurt,03/05/2024,126,17.14,35.9,57.7,3.8,Vegetable,2,kg
P003,Greek Yogurt,03/05/2024,172,47.83,37.3,81.1,18.4,Vegetable,3,kg
P004,Greek Yogurt,03/05/2024,119,43.52,40.4,74,0,Dairy,5,liters
P005,Greek Yogurt,03/05/2024,185,16.53,37.2,60.4,0,Vegetable,6,kg
P006,Greek Yogurt,03/05/2024,97,35.48,31.7,61.2,0,Fruit,5,
P007,Greek Yogurt,03/05/2024,101,17.87,31.3,57.7,0,Bakery,2,
P008,Greek Yogurt,03/05/2024,55,97.6,32.9,76.3,13,Meat,3,
P009,Greek Yogurt,03/05/2024,210,21.9,30,54.5,12.1,Beverage,14,
P010,Greek Yogurt,03/05/2024,82,42.34,33.4,60.2,0,Dairy,4,
P001,Greek Yogurt,04/05/2024,125,15.03,36.6,58.1,0,Vegetable,7,kg
P002,Greek Yogurt,04/05/2024,174,31.94,36.4,66.2,0,Vegetable,2,kg
P003,Greek Yogurt,04/05/2024,175,14.1,41.4,52.6,0,Vegetable,3,kg
P004,Greek Yogurt,04/05/2024,222,53.71,37.7,78,0,Dairy,5,liters
P005,Greek Yogurt,04/05/2024,184,36.09,39.8,83.5,0,Vegetable,6,kg
P006,Greek Yogurt,04/05/2024,103,32.32,30.4,69.9,0,Fruit,5,
P007,Greek Yogurt,04/05/2024,132,19.9,30.4,50,3.9,Bakery,2,
P008,Greek Yogurt,04/05/2024,60,98.29,31.5,70.9,0,Meat,3,
P009,Greek Yogurt,04/05/2024,188,23.99,28.5,48.7,0,Beverage,14,
P010,Greek Yogurt,04/05/2024,112,43.12,30.4,59.3,1.1,Dairy,4,
P001,Greek Yogurt,05/05/2024,182,35.23,39.9,57.5,0,Vegetable,7,kg
P002,Greek Yogurt,05/05/2024,153,42.83,39.4,58.1,0,Vegetable,2,kg
P003,Greek Yogurt,05/05/2024,65,17.29,38.4,71.8,0,Vegetable,3,kg
P004,Greek Yogurt,05/05/2024,118,28.15,38.6,71.7,0,Dairy,5,liters
P005,Greek Yogurt,05/05/2024,114,26.83,38.5,72.4,14.7,Vegetable,6,kg
P006,Greek Yogurt,05/05/2024,117,35.17,31,61.7,0,Fruit,5,
P007,Greek Yogurt,05/05/2024,124,17.79,28.2,61.6,0,Bakery,2,
P008,Greek Yogurt,05/05/2024,70,95.38,32.5,71.1,0,Meat,3,
P009,Greek Yogurt,05/05/2024,194,22.01,26.6,48.7,8.7,Beverage,14,
P010,Greek Yogurt,05/05/2024,110,42,29.3,62.5,0,Dairy,4,
P001,Greek Yogurt,06/05/2024,133,32.87,42.2,79.7,0,Vegetable,7,kg
P002,Greek Yogurt,06/05/2024,76,20.93,41.8,58.9,0,Vegetable,2,kg
P003,Greek Yogurt,06/05/2024,152,8.59,40.8,55.7,0,Vegetable,3,kg
P004,Greek Yogurt,06/05/2024,123,27.44,38.2,72.5,0,Dairy,5,liters
P005,Greek Yogurt,06/05/2024,105,22.16,37.7,79.6,0,Vegetable,6,kg
P006,Greek Yogurt,06/05/2024,85,33.47,30,60.4,0,Fruit,5,
P007,Greek Yogurt,06/05/2024,168,18.03,30.7,56,1.9,Bakery,2,
P008,Greek Yogurt,06/05/2024,51,94.75,33.8,65.7,0,Meat,3,
P009,Greek Yogurt,06/05/2024,186,23.35,27.2,49.9,0,Beverage,14,
P010,Greek Yogurt,06/05/2024,92,39.56,31.9,65.2,0,Dairy,4,
P001,Greek Yogurt,07/05/2024,94,33.43,38.9,71.6,0,Vegetable,7,kg
P002,Greek Yogurt,07/05/2024,96,47.5,38.5,84.7,17.4,Vegetable,2,kg
P003,Greek Yogurt,07/05/2024,135,24.98,41.6,75,0,Vegetable,3,kg
P004,Greek Yogurt,07/05/2024,119,15.42,40.1,56.7,0,Dairy,5,liters
P005,Greek Yogurt,07/05/2024,143,20.5,38.7,59.8,0,Vegetable,6,kg
P006,Greek Yogurt,07/05/2024,101,35.31,34.2,71,0,Fruit,5,
P007,Greek Yogurt,07/05/2024,141,18.27,32.8,60.9,0,Bakery,2,
P008,Greek Yogurt,07/05/2024,66,96.11,29.6,74.8,0,Meat,3,
P009,Greek Yogurt,07/05/2024,171,20.48,31.7,53.7,0,Beverage,14,
P010,Greek Yogurt,07/05/2024,95,42.18,28.5,57.5,2.2,Dairy,4,
P001,Greek Yogurt,08/05/2024,169,23.77,39.7,76.2,6.5,Vegetable,7,kg
P002,Greek Yogurt,08/05/2024,73,32.77,39.9,74.5,0,Vegetable,2,kg
P003,Greek Yogurt,08/05/2024,136,27.18,36.7,74.8,3.2,Vegetable,3,kg
P004,Greek Yogurt,08/05/2024,156,28.59,38.7,88.2,0,Dairy,5,liters
P005,Greek Yogurt,08/05/2024,187,25.06,37.5,68.1,0,Vegetable,6,kg
P006,Greek Yogurt,08/05/2024,63,34.91,30,72,5.7,Fruit,5,
P007,Greek Yogurt,08/05/2024,146,17.31,33.1,61.2,0,Bakery,2,
P008,Greek Yogurt,08/05/2024,80,94.89,33.9,65.4,0,Meat,3,
P009,Greek Yogurt,08/05/2024,191,22.72,32,46.3,0,Beverage,14,
P010,Greek Yogurt,08/05/2024,97,40.57,32,60.4,1.2,Dairy,4,
P001,Greek Yogurt,09/05/2024,92,27.91,37.3,77.8,0,Vegetable,7,kg
P002,Greek Yogurt,09/05/2024,104,19.87,37.1,69.1,0,Vegetable,2,kg
P003,Greek Yogurt,09/05/2024,197,11.84,40.4,72.3,0,Vegetable,3,kg
P004,Greek Yogurt,09/05/2024,175,20.56,36,74.6,4.6,Dairy,5,liters
P005,Greek Yogurt,09/05/2024,169,51.57,39.7,88.2,0,Vegetable,6,kg
P006,Greek Yogurt,09/05/2024,89,34.75,31.6,61.6,4.2,Fruit,5,
P007,Greek Yogurt,09/05/2024,146,19.17,29.3,50.3,0,Bakery,2,
P008,Greek Yogurt,09/05/2024,56,93.67,33.1,70.8,0,Meat,3,
P009,Greek Yogurt,09/05/2024,200,20.82,30.1,54,20.8,Beverage,14,
P010,Greek Yogurt,09/05/2024,88,44.86,31.1,58.6,0,Dairy,4,
P001,Greek Yogurt,10/05/2024,8,24.56,39.2,57.7,0,Vegetable,7,kg
P002,Greek Yogurt,10/05/2024,116,25.29,38.9,86.7,0,Vegetable,2,kg
P003,Greek Yogurt,10/05/2024,101,22.32,39.4,80.9,0,Vegetable,3,kg
P004,Greek Yogurt,10/05/2024,160,23.76,40.8,73.5,0,Dairy,5,liters
P005,Greek Yogurt,10/05/2024,118,22.46,39.7,86.4,0,Vegetable,6,kg
P006,Greek Yogurt,10/05/2024,91,34,32,71.1,0,Fruit,5,
P007,Greek Yogurt,10/05/2024,144,18.15,33,59.4,0,Bakery,2,
P008,Greek Yogurt,10/05/2024,56,95.9,34.8,76.5,0,Meat,3,
P009,Greek Yogurt,10/05/2024,219,22.35,27.3,45.6,0,Beverage,14,
P010,Greek Yogurt,10/05/2024,122,41.47,32.7,55.4,0,Dairy,4,
P001,Greek Yogurt,11/05/2024,61,29.28,41.2,57.9,0,Vegetable,7,kg
P002,Greek Yogurt,11/05/2024,96,21.56,36.5,60.6,0,Vegetable,2,kg
P003,Greek Yogurt,11/05/2024,37,33.97,39.6,87,0,Vegetable,3,kg
P004,Greek Yogurt,11/05/2024,74,7.39,36.6,51.2,5.8,Dairy,5,liters
P005,Greek Yogurt,11/05/2024,94,26.92,39.5,85,0,Vegetable,6,kg
P006,Greek Yogurt,11/05/2024,90,36.7,34.3,62.2,3.9,Fruit,5,
P007,Greek Yogurt,11/05/2024,153,19.83,33.4,58.1,0,Bakery,2,
P008,Greek Yogurt,11/05/2024,77,92.02,30.6,69.3,0,Meat,3,
P009,Greek Yogurt,11/05/2024,214,21.25,30,56.8,0,Beverage,14,
P010,Greek Yogurt,11/05/2024,126,44.37,29.3,60.7,0,Dairy,4,
P001,Greek Yogurt,12/05/2024,55,31.04,37.3,76.5,9,Vegetable,7,kg
P002,Greek Yogurt,12/05/2024,171,39.95,41.2,66,0,Vegetable,2,kg
P003,Greek Yogurt,12/05/2024,5,34.86,38,88,3.6,Vegetable,3,kg
P004,Greek Yogurt,12/05/2024,173,32.58,38,87.8,0,Dairy,5,liters
P005,Greek Yogurt,12/05/2024,112,48.89,41,82.5,0,Vegetable,6,kg
P006,Greek Yogurt,12/05/2024,100,35.98,29.6,60.4,0,Fruit,5,
P007,Greek Yogurt,12/05/2024,122,18.37,30.5,58.9,0,Bakery,2,
P008,Greek Yogurt,12/05/2024,64,95.44,32.8,67.6,0,Meat,3,
P009,Greek Yogurt,12/05/2024,172,22.73,29.8,50.2,0,Beverage,14,
P010,Greek Yogurt,12/05/2024,98,40.53,31.8,61.8,0,Dairy,4,
P001,Greek Yogurt,13/05/2024,77,34.64,39.9,87.4,0,Vegetable,7,kg
P002,Greek Yogurt,13/05/2024,118,38.88,36.1,89.7,19,Vegetable,2,kg
P003,Greek Yogurt,13/05/2024,9,20.53,39.1,80,0,Vegetable,3,kg
P004,Greek Yogurt,13/05/2024,129,12.46,41,79.9,12.4,Dairy,5,liters
P005,Greek Yogurt,13/05/2024,106,14.38,38.4,64.3,0,Vegetable,6,kg
P006,Greek Yogurt,13/05/2024,95,34.39,29.1,60.6,0,Fruit,5,
P007,Greek Yogurt,13/05/2024,162,18.38,29.8,50.7,2,Bakery,2,
P008,Greek Yogurt,13/05/2024,69,95.44,35.2,68.7,0,Meat,3,
P009,Greek Yogurt,13/05/2024,195,21.07,31.9,53.6,12.3,Beverage,14,
P010,Greek Yogurt,13/05/2024,142,41.68,28,65.3,2.8,Dairy,4,
P001,Greek Yogurt,14/05/2024,71,26.53,40.1,69.7,0,Vegetable,7,kg
P002,Greek Yogurt,14/05/2024,167,27.21,37.5,62.9,0,Vegetable,2,kg
P003,Greek Yogurt,14/05/2024,129,28.56,41.9,68.5,0,Vegetable,3,kg
P004,Greek Yogurt,14/05/2024,188,31.54,39.7,76.7,0,Dairy,5,liters
P005,Greek Yogurt,14/05/2024,83,43.58,40.1,68.9,0,Vegetable,6,kg
P006,Greek Yogurt,14/05/2024,72,36.15,29.1,60.8,0,Fruit,5,
P007,Greek Yogurt,14/05/2024,148,19.42,31.8,60.8,0,Bakery,2,
P008,Greek Yogurt,14/05/2024,79,95.23,31.4,71.3,0,Meat,3,
P009,Greek Yogurt,14/05/2024,194,21.36,27,47.9,0,Beverage,14,
P010,Greek Yogurt,14/05/2024,76,42.04,29.5,60.6,0,Dairy,4,
P001,Greek Yogurt,15/05/2024,145,48.66,38.2,52.3,0,Vegetable,7,kg
P002,Greek Yogurt,15/05/2024,70,20.3,36.8,70.4,0,Vegetable,2,kg
P003,Greek Yogurt,15/05/2024,110,27.05,37.9,83,18.7,Vegetable,3,kg
P004,Greek Yogurt,15/05/2024,105,43.51,36.3,88.5,0,Dairy,5,liters
P005,Greek Yogurt,15/05/2024,171,27.25,41.1,70.6,0,Vegetable,6,kg
P006,Greek Yogurt,15/05/2024,74,34.46,30.6,70.6,0,Fruit,5,
P007,Greek Yogurt,15/05/2024,133,18.48,28.5,53,0,Bakery,2,
P008,Greek Yogurt,15/05/2024,49,96.21,33.2,72.1,0,Meat,3,
P009,Greek Yogurt,15/05/2024,204,23.42,30.7,48.2,0,Beverage,14,
P010,Greek Yogurt,15/05/2024,103,41.47,29.4,61.8,0,Dairy,4,
P001,Greek Yogurt,16/05/2024,206,7.39,39.4,76.9,0,Vegetable,7,kg
P002,Greek Yogurt,16/05/2024,94,27.73,37.5,89.8,0,Vegetable,2,kg
P003,Greek Yogurt,16/05/2024,59,25.97,37.3,52.7,0.3,Vegetable,3,kg
P004,Greek Yogurt,16/05/2024,188,17.25,41.1,79.9,0,Dairy,5,liters
P005,Greek Yogurt,16/05/2024,65,31.82,37.2,76.4,0,Vegetable,6,kg
P006,Greek Yogurt,16/05/2024,77,34.67,30,64.2,0,Fruit,5,
P007,Greek Yogurt,16/05/2024,151,16.6,32.7,51.3,0,Bakery,2,
P008,Greek Yogurt,16/05/2024,64,94.86,32.5,72.7,10.4,Meat,3,
P009,Greek Yogurt,16/05/2024,185,22.02,28.3,51.1,11.6,Beverage,14,
P010,Greek Yogurt,16/05/2024,84,44.24,29.1,56.8,0,Dairy,4,
P001,Greek Yogurt,17/05/2024,160,29.44,41.3,80.8,0,Vegetable,7,kg
P002,Greek Yogurt,17/05/2024,47,36.49,36.1,62.9,11.5,Vegetable,2,kg
P003,Greek Yogurt,17/05/2024,126,44.3,37.3,78.8,19.5,Vegetable,3,kg
P004,Greek Yogurt,17/05/2024,99,29.68,38,72.9,3.3,Dairy,5,liters
P005,Greek Yogurt,17/05/2024,36,14.26,38.1,83.7,0,Vegetable,6,kg
P006,Greek Yogurt,17/05/2024,76,34.74,30.7,68.9,0,Fruit,5,
P007,Greek Yogurt,17/05/2024,148,17.82,31.3,61.6,0,Bakery,2,
P008,Greek Yogurt,17/05/2024,43,96.45,30.2,75.3,0,Meat,3,
P009,Greek Yogurt,17/05/2024,183,19.4,26.7,49.5,0,Beverage,14,
P010,Greek Yogurt,17/05/2024,108,39.76,31.1,62.2,0,Dairy,4,
P001,Greek Yogurt,18/05/2024,165,46.64,40.9,63.5,0,Vegetable,7,kg
P002,Greek Yogurt,18/05/2024,59,31.77,36.4,55.3,0,Vegetable,2,kg
P003,Greek Yogurt,18/05/2024,92,34.46,37.6,52,5.7,Vegetable,3,kg
P004,Greek Yogurt,18/05/2024,126,26.61,36.1,84.9,0,Dairy,5,liters
P005,Greek Yogurt,18/05/2024,100,39.78,39.6,55.4,0,Vegetable,6,kg
P006,Greek Yogurt,18/05/2024,107,36.23,32.7,65.6,0,Fruit,5,
P007,Greek Yogurt,18/05/2024,141,18.53,29.9,61.4,0,Bakery,2,
P008,Greek Yogurt,18/05/2024,67,96.45,33.4,66.5,0,Meat,3,
P009,Greek Yogurt,18/05/2024,205,23.31,31.4,53.9,7.7,Beverage,14,
P010,Greek Yogurt,18/05/2024,134,42.4,30.3,60.4,0,Dairy,4,
P001,Greek Yogurt,19/05/2024,120,47.3,37.4,66.6,0,Vegetable,7,kg
P002,Greek Yogurt,19/05/2024,95,41.27,41,90,0,Vegetable,2,kg
P003,Greek Yogurt,19/05/2024,102,18.92,39.3,82.6,3.8,Vegetable,3,kg
P004,Greek Yogurt,19/05/2024,159,15.25,38.3,89.3,0,Dairy,5,liters
P005,Greek Yogurt,19/05/2024,173,36.64,39.5,77.6,0,Vegetable,6,kg
P006,Greek Yogurt,19/05/2024,113,34.5,30,65.6,0,Fruit,5,
P007,Greek Yogurt,19/05/2024,140,17.69,33,53.1,0,Bakery,2,
P008,Greek Yogurt,19/05/2024,84,93.75,32.4,74.6,0,Meat,3,
P009,Greek Yogurt,19/05/2024,196,21.94,31.3,47,0,Beverage,14,
P010,Greek Yogurt,19/05/2024,85,41.02,31.8,63.2,0,Dairy,4,
P001,Greek Yogurt,20/05/2024,125,40.79,39.1,52.5,0,Vegetable,7,kg
P002,Greek Yogurt,20/05/2024,5,5.77,39.2,73,0,Vegetable,2,kg
P003,Greek Yogurt,20/05/2024,113,18.44,37.1,52.5,0,Vegetable,3,kg
P004,Greek Yogurt,20/05/2024,186,39.16,39.7,56.6,6,Dairy,5,liters
P005,Greek Yogurt,20/05/2024,75,24.44,40.6,86.8,0,Vegetable,6,kg
P006,Greek Yogurt,20/05/2024,113,36.25,31.2,69.3,0,Fruit,5,
P007,Greek Yogurt,20/05/2024,118,19.36,31.4,59.3,0,Bakery,2,
P008,Greek Yogurt,20/05/2024,58,96.74,31.7,69.3,0,Meat,3,
P009,Greek Yogurt,20/05/2024,174,20.79,31.9,48.1,2.7,Beverage,14,
P010,Greek Yogurt,20/05/2024,115,40.88,29,63.5,0,Dairy,4,
P001,Greek Yogurt,21/05/2024,167,38.68,40.4,66.2,0,Vegetable,7,kg
P002,Greek Yogurt,21/05/2024,135,28.32,36.6,70.3,0,Vegetable,2,kg
P003,Greek Yogurt,21/05/2024,147,35.58,40.6,56.6,0,Vegetable,3,kg
P004,Greek Yogurt,21/05/2024,150,49.22,36.5,87.2,0,Dairy,5,liters
P005,Greek Yogurt,21/05/2024,69,39.15,39.7,77.6,0,Vegetable,6,kg
P006,Greek Yogurt,21/05/2024,104,34.35,29.9,63.3,0,Fruit,5,
P007,Greek Yogurt,21/05/2024,123,18.81,28.5,61.1,0,Bakery,2,
P008,Greek Yogurt,21/05/2024,48,94.88,30.4,65.7,0,Meat,3,
P009,Greek Yogurt,21/05/2024,207,22.54,31.2,52.6,0,Beverage,14,
P010,Greek Yogurt,21/05/2024,105,41.69,32.1,58.6,0,Dairy,4,
P001,Greek Yogurt,22/05/2024,204,34.23,41.6,89.4,0,Vegetable,7,kg
P002,Greek Yogurt,22/05/2024,119,24.55,41.3,86.6,17.2,Vegetable,2,kg
P003,Greek Yogurt,22/05/2024,179,43.59,41,66.3,0,Vegetable,3,kg
P004,Greek Yogurt,22/05/2024,90,22.69,39.7,79.9,5.9,Dairy,5,liters
P005,Greek Yogurt,22/05/2024,138,43.63,40.9,56.3,0,Vegetable,6,kg
P006,Greek Yogurt,22/05/2024,104,36.86,32.6,65.5,0,Fruit,5,
P007,Greek Yogurt,22/05/2024,123,18.65,32.5,50.7,0,Bakery,2,
P008,Greek Yogurt,22/05/2024,72,95.14,34.6,67.1,0,Meat,3,
P009,Greek Yogurt,22/05/2024,216,22.91,29.1,50.4,0,Beverage,14,
P010,Greek Yogurt,22/05/2024,118,43.02,28.7,57,0,Dairy,4,
P001,Greek Yogurt,23/05/2024,67,29.91,40.1,55.8,0,Vegetable,7,kg
P002,Greek Yogurt,23/05/2024,123,32.66,38.6,54.4,0,Vegetable,2,kg
P003,Greek Yogurt,23/05/2024,180,32.73,36.7,57.5,0,Vegetable,3,kg
P004,Greek Yogurt,23/05/2024,120,34.39,38.9,86.6,0,Dairy,5,liters
P005,Greek Yogurt,23/05/2024,173,29.34,38.9,77.4,8.4,Vegetable,6,kg
P006,Greek Yogurt,23/05/2024,106,36.72,31,67,0,Fruit,5,
P007,Greek Yogurt,23/05/2024,138,19.71,31.1,61.1,0,Bakery,2,
P008,Greek Yogurt,23/05/2024,88,93.24,29.4,72.2,0,Meat,3,
P009,Greek Yogurt,23/05/2024,194,23.51,27.8,52.6,2.5,Beverage,14,
P010,Greek Yogurt,23/05/2024,114,44.05,31.3,58.2,0,Dairy,4,
P001,Greek Yogurt,24/05/2024,139,39.2,39,84.5,0,Vegetable,7,kg
P002,Greek Yogurt,24/05/2024,145,25.46,35.9,72.7,0,Vegetable,2,kg
P003,Greek Yogurt,24/05/2024,236,24.74,40.5,65.1,0,Vegetable,3,kg
P004,Greek Yogurt,24/05/2024,102,34.42,40,71.4,0,Dairy,5,liters
P005,Greek Yogurt,24/05/2024,164,28.99,37.8,88.4,1.4,Vegetable,6,kg
P006,Greek Yogurt,24/05/2024,80,36.88,28.5,66.5,0,Fruit,5,
P007,Greek Yogurt,24/05/2024,130,16.85,27.8,55.2,0,Bakery,2,
P008,Greek Yogurt,24/05/2024,78,94.17,32.4,73.1,0,Meat,3,
P009,Greek Yogurt,24/05/2024,214,22.17,30.7,49.6,0,Beverage,14,
P010,Greek Yogurt,24/05/2024,99,40.9,31.8,55.8,0,Dairy,4,
P001,Greek Yogurt,25/05/2024,109,29.14,40,89.9,8,Vegetable,7,kg
P002,Greek Yogurt,25/05/2024,29,15.96,38.5,54.3,0,Vegetable,2,kg
P003,Greek Yogurt,25/05/2024,100,24.56,36.7,58.4,19.1,Vegetable,3,kg
P004,Greek Yogurt,25/05/2024,77,38.36,38.2,86.3,0,Dairy,5,liters
P005,Greek Yogurt,25/05/2024,124,36.33,39.2,64.7,0,Vegetable,6,kg
P006,Greek Yogurt,25/05/2024,111,32.12,33.2,69.2,9.1,Fruit,5,
P007,Greek Yogurt,25/05/2024,142,19.43,29.5,51.3,0,Bakery,2,
P008,Greek Yogurt,25/05/2024,79,94.08,34.9,74.7,0,Meat,3,
P009,Greek Yogurt,25/05/2024,209,20,29.6,49,15.6,Beverage,14,
P010,Greek Yogurt,25/05/2024,102,41.29,28.6,63.6,0,Dairy,4,
P001,Greek Yogurt,26/05/2024,81,25.96,40.9,82.5,0,Vegetable,7,kg
P002,Greek Yogurt,26/05/2024,99,27.37,41.2,71.5,0,Vegetable,2,kg
P003,Greek Yogurt,26/05/2024,87,23.44,39.2,65,0,Vegetable,3,kg
P004,Greek Yogurt,26/05/2024,88,24.47,38.1,56.8,0,Dairy,5,liters
P005,Greek Yogurt,26/05/2024,119,34.06,40.6,59.3,0,Vegetable,6,kg
P006,Greek Yogurt,26/05/2024,95,35.87,30.5,64.6,0,Fruit,5,
P007,Greek Yogurt,26/05/2024,148,17.8,29.9,58.1,0,Bakery,2,
P008,Greek Yogurt,26/05/2024,69,95.79,30.6,70.3,0,Meat,3,
P009,Greek Yogurt,26/05/2024,194,24.29,28,55.1,0,Beverage,14,
P010,Greek Yogurt,26/05/2024,88,42.12,29.5,62.8,0,Dairy,4,
P001,Greek Yogurt,27/05/2024,75,53.25,41,59.4,0,Vegetable,7,kg
P002,Greek Yogurt,27/05/2024,53,2.24,38.8,80,0,Vegetable,2,kg
P003,Greek Yogurt,27/05/2024,112,52.85,37.6,69.1,0,Vegetable,3,kg
P004,Greek Yogurt,27/05/2024,127,26.71,35.7,53,0,Dairy,5,liters
P005,Greek Yogurt,27/05/2024,37,31.93,40.9,75.7,0,Vegetable,6,kg
P006,Greek Yogurt,27/05/2024,95,35,30.7,67.3,0,Fruit,5,
P007,Greek Yogurt,27/05/2024,168,17.44,28.6,60.9,0,Bakery,2,
P008,Greek Yogurt,27/05/2024,66,97.57,33.5,68.5,0,Meat,3,
P009,Greek Yogurt,27/05/2024,194,22.31,31.3,50.6,6.1,Beverage,14,
P010,Greek Yogurt,27/05/2024,112,42.36,29,58.6,0,Dairy,4,
P001,Greek Yogurt,28/05/2024,115,44.07,42.2,70,9.7,Vegetable,7,kg
P002,Greek Yogurt,28/05/2024,129,0.99,37.4,59.2,0,Vegetable,2,kg
P003,Greek Yogurt,28/05/2024,186,45.28,41.8,83.9,8.2,Vegetable,3,kg
P004,Greek Yogurt,28/05/2024,238,18.17,37,59.8,0,Dairy,5,liters
P005,Greek Yogurt,28/05/2024,152,33.14,40.4,85.9,0,Vegetable,6,kg
P006,Greek Yogurt,28/05/2024,118,33.47,29.8,67,0,Fruit,5,
P007,Greek Yogurt,28/05/2024,122,17.36,30.7,57.9,0,Bakery,2,
P008,Greek Yogurt,28/05/2024,73,96.26,30.7,66.5,0,Meat,3,
P009,Greek Yogurt,28/05/2024,178,20.74,26.4,56.6,0,Beverage,14,
P010,Greek Yogurt,28/05/2024,103,40.9,30.4,64.8,0,Dairy,4,
P001,Greek Yogurt,29/05/2024,103,23.2,37.9,53.5,0,Vegetable,7,kg
P002,Greek Yogurt,29/05/2024,154,35.53,41.2,67.1,0,Vegetable,2,kg
P003,Greek Yogurt,29/05/2024,200,22.03,41.2,81.3,0,Vegetable,3,kg
P004,Greek Yogurt,29/05/2024,182,40.46,35.7,89.5,0,Dairy,5,liters
P005,Greek Yogurt,29/05/2024,112,7.77,38.1,69.6,0,Vegetable,6,kg
P006,Greek Yogurt,29/05/2024,67,35.72,33.1,61.1,5,Fruit,5,
P007,Greek Yogurt,29/05/2024,177,16.04,28.9,56.6,6.9,Bakery,2,
P008,Greek Yogurt,29/05/2024,40,96.58,31.8,67.5,10.9,Meat,3,
P009,Greek Yogurt,29/05/2024,208,21.83,29.4,45.3,0,Beverage,14,
P010,Greek Yogurt,29/05/2024,123,41.08,28.7,66,0,Dairy,4,
P001,Greek Yogurt,30/05/2024,184,24.78,39.2,62.4,0,Vegetable,7,kg
P002,Greek Yogurt,30/05/2024,153,41.56,38.1,83.5,6.9,Vegetable,2,kg
P003,Greek Yogurt,30/05/2024,116,35.14,41.1,61.1,0,Vegetable,3,kg
P004,Greek Yogurt,30/05/2024,81,38.51,35.8,79.3,0,Dairy,5,liters
P005,Greek Yogurt,30/05/2024,104,19.85,37,80.1,0,Vegetable,6,kg
P006,Greek Yogurt,30/05/2024,120,36.31,30.8,64,0,Fruit,5,
P007,Greek Yogurt,30/05/2024,148,17.87,28.4,61.2,0,Bakery,2,
P008,Greek Yogurt,30/05/2024,77,96.86,33.9,74.6,0,Meat,3,
P009,Greek Yogurt,30/05/2024,222,20.83,30.9,56.8,0,Beverage,14,
P010,Greek Yogurt,30/05/2024,89,40.78,29.2,62.8,0,Dairy,4,
P001,Greek Yogurt,31/05/2024,109,14.9,39.2,71.9,0,Vegetable,7,kg
P002,Greek Yogurt,31/05/2024,120,13.16,38.5,59.8,0,Vegetable,2,kg
P003,Greek Yogurt,31/05/2024,127,24.86,42.1,71.7,19.6,Vegetable,3,kg
P004,Greek Yogurt,31/05/2024,167,39.41,36.3,50.1,0,Dairy,5,liters
P005,Greek Yogurt,31/05/2024,185,26.39,39.6,83.2,18.1,Vegetable,6,kg
P006,Greek Yogurt,31/05/2024,93,36.14,30.1,62.8,0,Fruit,5,
P007,Greek Yogurt,31/05/2024,123,18.36,29.7,50.3,0,Bakery,2,
P008,Greek Yogurt,31/05/2024,81,94.84,29.5,72.5,0,Meat,3,
P009,Greek Yogurt,31/05/2024,199,23.35,32.1,54.1,0,Beverage,14,
P010,Greek Yogurt,31/05/2024,100,42.19,31.1,55.1,0,Dairy,4,
P001,Greek Yogurt,01/06/2024,9,21.01,46.8,60.9,0,Vegetable,7,kg
P002,Greek Yogurt,01/06/2024,157,33.39,42.8,86.8,0,Vegetable,2,kg
P003,Greek Yogurt,01/06/2024,158,29.41,47.2,63.1,0,Vegetable,3,kg
P004,Greek Yogurt,01/06/2024,118,26.2,45,56.8,18.9,Dairy,5,liters
P005,Greek Yogurt,01/06/2024,106,39.39,48.5,50.1,0,Vegetable,6,kg
P006,Greek Yogurt,01/06/2024,100,34.47,33,70.4,0,Fruit,5,
P007,Greek Yogurt,01/06/2024,130,18.45,34.1,58.5,2.3,Bakery,2,
P008,Greek Yogurt,01/06/2024,63,96.33,35.1,73.8,0,Meat,3,
P009,Greek Yogurt,01/06/2024,223,22.54,28.7,46.9,0,Beverage,14,
P010,Greek Yogurt,01/06/2024,94,42.53,30.6,60.9,0,Dairy,4,
P001,Greek Yogurt,02/06/2024,37,37.12,48.1,64.5,0,Vegetable,7,kg
P002,Greek Yogurt,02/06/2024,150,30.29,43.2,72.6,15.5,Vegetable,2,kg
P003,Greek Yogurt,02/06/2024,76,31.87,48.4,63.4,0,Vegetable,3,kg
P004,Greek Yogurt,02/06/2024,132,32.38,45.5,77.5,0,Dairy,5,liters
P005,Greek Yogurt,02/06/2024,207,17.2,44.2,63.6,5.1,Vegetable,6,kg
P006,Greek Yogurt,02/06/2024,115,34.44,34.7,62.8,0,Fruit,5,
P007,Greek Yogurt,02/06/2024,129,17.65,30.4,59.8,0,Bakery,2,
P008,Greek Yogurt,02/06/2024,63,96.95,31.6,69.1,0,Meat,3,
P009,Greek Yogurt,02/06/2024,189,23.58,33.5,49.5,11.2,Beverage,14,
P010,Greek Yogurt,02/06/2024,117,42.96,31.5,55.7,0,Dairy,4,
P001,Greek Yogurt,03/06/2024,5,23.63,44.4,68.1,0,Vegetable,7,kg
P002,Greek Yogurt,03/06/2024,179,37.32,44.4,75.4,7.4,Vegetable,2,kg
P003,Greek Yogurt,03/06/2024,60,29.91,47.4,64.1,0,Vegetable,3,kg
P004,Greek Yogurt,03/06/2024,138,11.17,43.3,71.7,0,Dairy,5,liters
P005,Greek Yogurt,03/06/2024,34,34.1,48.2,52.6,0,Vegetable,6,kg
P006,Greek Yogurt,03/06/2024,80,35.81,35.5,64.6,0,Fruit,5,
P007,Greek Yogurt,03/06/2024,140,17.93,29.3,51.9,0,Bakery,2,
P008,Greek Yogurt,03/06/2024,39,94.27,32.1,67.1,0,Meat,3,
P009,Greek Yogurt,03/06/2024,210,22.54,32.1,51.2,0,Beverage,14,
P010,Greek Yogurt,03/06/2024,99,43.69,34.6,57.1,0,Dairy,4,
P001,Greek Yogurt,04/06/2024,201,18.47,43.6,65,0,Vegetable,7,kg
P002,Greek Yogurt,04/06/2024,198,26.74,46,68.2,0,Vegetable,2,kg
P003,Greek Yogurt,04/06/2024,162,46.53,45.5,50.6,0,Vegetable,3,kg
P004,Greek Yogurt,04/06/2024,202,16.95,45.1,56.3,0,Dairy,5,liters
P005,Greek Yogurt,04/06/2024,103,36.31,44.1,83.3,19.2,Vegetable,6,kg
P006,Greek Yogurt,04/06/2024,76,33.81,32,64.1,8.7,Fruit,5,
P007,Greek Yogurt,04/06/2024,111,17.97,31.7,54.3,0,Bakery,2,
P008,Greek Yogurt,04/06/2024,74,94.2,35.7,69,3.6,Meat,3,
P009,Greek Yogurt,04/06/2024,213,20.5,27.9,49,0,Beverage,14,
P010,Greek Yogurt,04/06/2024,127,42.16,30.8,63.9,0,Dairy,4,
P001,Greek Yogurt,05/06/2024,39,14.96,47.5,71.3,0,Vegetable,7,kg
P002,Greek Yogurt,05/06/2024,144,14.78,44.7,74.4,0,Vegetable,2,kg
P003,Greek Yogurt,05/06/2024,107,29.87,44.9,88.8,12.6,Vegetable,3,kg
P004,Greek Yogurt,05/06/2024,84,36.4,43.8,87.3,1.9,Dairy,5,liters
P005,Greek Yogurt,05/06/2024,181,30.84,46,89.5,0,Vegetable,6,kg
P006,Greek Yogurt,05/06/2024,66,36.09,32.1,63.7,9.1,Fruit,5,
P007,Greek Yogurt,05/06/2024,146,20.38,33.1,51.2,0,Bakery,2,
P008,Greek Yogurt,05/06/2024,47,94.75,32.4,74.8,3.8,Meat,3,
P009,Greek Yogurt,05/06/2024,204,22.08,32.8,46,0,Beverage,14,
P010,Greek Yogurt,05/06/2024,94,43.95,31.9,57.6,0,Dairy,4,
P001,Greek Yogurt,06/06/2024,142,13.36,43.6,60.6,0,Vegetable,7,kg
P002,Greek Yogurt,06/06/2024,134,31.86,43.3,83,0,Vegetable,2,kg
P003,Greek Yogurt,06/06/2024,38,36.43,45.3,59.2,0,Vegetable,3,kg
P004,Greek Yogurt,06/06/2024,59,30.05,43.1,80.4,10.3,Dairy,5,liters
P005,Greek Yogurt,06/06/2024,163,47.37,47.6,70.8,11.1,Vegetable,6,kg
P006,Greek Yogurt,06/06/2024,107,35.09,33.2,66.5,0,Fruit,5,
P007,Greek Yogurt,06/06/2024,137,16.85,29.5,58.7,9.9,Bakery,2,
P008,Greek Yogurt,06/06/2024,58,94.9,32.8,75.3,0,Meat,3,
P009,Greek Yogurt,06/06/2024,206,22.62,31.7,57,0,Beverage,14,
P010,Greek Yogurt,06/06/2024,127,41.86,32.6,66.8,0,Dairy,4,
P001,Greek Yogurt,07/06/2024,188,26.93,45.8,59.7,0,Vegetable,7,kg
P002,Greek Yogurt,07/06/2024,102,27.48,42.2,72.4,0,Vegetable,2,kg
P003,Greek Yogurt,07/06/2024,150,21.99,47.4,50.4,0,Vegetable,3,kg
P004,Greek Yogurt,07/06/2024,145,28.42,43.4,89.2,14.8,Dairy,5,liters
P005,Greek Yogurt,07/06/2024,106,26.04,48.3,55.5,0,Vegetable,6,kg
P006,Greek Yogurt,07/06/2024,118,35.34,35,68,8.4,Fruit,5,
P007,Greek Yogurt,07/06/2024,128,17.7,32.8,55.4,0,Bakery,2,
P008,Greek Yogurt,07/06/2024,96,94.58,35.4,75,0,Meat,3,
P009,Greek Yogurt,07/06/2024,239,22.57,31.4,52.9,10.6,Beverage,14,
P010,Greek Yogurt,07/06/2024,89,40.64,31.8,63.6,0,Dairy,4,
P001,Greek Yogurt,08/06/2024,137,14.25,47.1,50.2,0,Vegetable,7,kg
P002,Greek Yogurt,08/06/2024,120,45.73,43.7,52.1,0,Vegetable,2,kg
P003,Greek Yogurt,08/06/2024,129,17.27,43.8,88.2,0,Vegetable,3,kg
P004,Greek Yogurt,08/06/2024,138,30.9,45.7,55.9,0,Dairy,5,liters
P005,Greek Yogurt,08/06/2024,112,32.13,48.2,60.6,3.7,Vegetable,6,kg
P006,Greek Yogurt,08/06/2024,78,37.34,35.5,62.5,0,Fruit,5,
P007,Greek Yogurt,08/06/2024,148,19.21,32.1,51,0,Bakery,2,
P008,Greek Yogurt,08/06/2024,68,93.78,34.8,66.1,0,Meat,3,
P009,Greek Yogurt,08/06/2024,200,22.02,29,54.7,0,Beverage,14,
P010,Greek Yogurt,08/06/2024,97,42.05,29.7,65.9,0,Dairy,4,
P001,Greek Yogurt,09/06/2024,151,34.94,45.8,74.1,0,Vegetable,7,kg
P002,Greek Yogurt,09/06/2024,132,18.76,42.6,85.1,0,Vegetable,2,kg
P003,Greek Yogurt,09/06/2024,203,37.27,43,71.1,0,Vegetable,3,kg
P004,Greek Yogurt,09/06/2024,147,32.92,47.8,86.9,9.1,Dairy,5,liters
P005,Greek Yogurt,09/06/2024,57,31.81,43.8,73.8,0,Vegetable,6,kg
P006,Greek Yogurt,09/06/2024,90,35.09,31.9,71.3,0,Fruit,5,
P007,Greek Yogurt,09/06/2024,162,21.95,32.3,53.8,0,Bakery,2,
P008,Greek Yogurt,09/06/2024,44,95.29,33.3,70.5,0,Meat,3,
P009,Greek Yogurt,09/06/2024,198,23.66,27.9,55,0,Beverage,14,
P010,Greek Yogurt,09/06/2024,131,42.13,32,59.5,4.7,Dairy,4,
P001,Greek Yogurt,10/06/2024,94,29.72,43.8,66.1,0,Vegetable,7,kg
P002,Greek Yogurt,10/06/2024,231,22.22,45.5,73.9,0,Vegetable,2,kg
P003,Greek Yogurt,10/06/2024,114,32.32,47.6,72,5.2,Vegetable,3,kg
P004,Greek Yogurt,10/06/2024,132,32.31,46.4,83.3,0,Dairy,5,liters
P005,Greek Yogurt,10/06/2024,124,54.46,47.5,88.2,12.9,Vegetable,6,kg
P006,Greek Yogurt,10/06/2024,74,35.35,35.3,65.6,0,Fruit,5,
P007,Greek Yogurt,10/06/2024,154,18.74,30.8,50.4,0,Bakery,2,
P008,Greek Yogurt,10/06/2024,51,92.25,33.2,74.8,0,Meat,3,
P009,Greek Yogurt,10/06/2024,210,22.85,32.4,48.7,0,Beverage,14,
P010,Greek Yogurt,10/06/2024,91,40.95,33.6,56.8,0,Dairy,4,
P001,Greek Yogurt,11/06/2024,12,37.65,45.9,54.4,5.4,Vegetable,7,kg
P002,Greek Yogurt,11/06/2024,146,20.97,46.2,67.6,0,Vegetable,2,kg
P003,Greek Yogurt,11/06/2024,197,37.44,43.7,87.4,0,Vegetable,3,kg
P004,Greek Yogurt,11/06/2024,125,45.96,42.2,66.1,0,Dairy,5,liters
P005,Greek Yogurt,11/06/2024,81,22.15,43.7,72,0,Vegetable,6,kg
P006,Greek Yogurt,11/06/2024,80,35.59,32.3,60.8,0,Fruit,5,
P007,Greek Yogurt,11/06/2024,123,19.4,29.6,55.2,0,Bakery,2,
P008,Greek Yogurt,11/06/2024,74,94.88,34.8,72.1,1,Meat,3,
P009,Greek Yogurt,11/06/2024,225,22.32,29.9,49.8,0,Beverage,14,
P010,Greek Yogurt,11/06/2024,115,42.37,29.3,63.6,9.9,Dairy,4,
P001,Greek Yogurt,12/06/2024,131,21.51,47.6,83.4,0,Vegetable,7,kg
P002,Greek Yogurt,12/06/2024,185,26.39,42.2,78.1,0,Vegetable,2,kg
P003,Greek Yogurt,12/06/2024,169,11.47,48.4,63.8,0,Vegetable,3,kg
P004,Greek Yogurt,12/06/2024,222,33.11,47.1,81.4,0,Dairy,5,liters
P005,Greek Yogurt,12/06/2024,88,23.22,47.3,50.2,10.8,Vegetable,6,kg
P006,Greek Yogurt,12/06/2024,116,35.82,34.8,66.7,0,Fruit,5,
P007,Greek Yogurt,12/06/2024,131,18.81,33.5,57,0,Bakery,2,
P008,Greek Yogurt,12/06/2024,61,94.36,31.4,69.7,0,Meat,3,
P009,Greek Yogurt,12/06/2024,213,22.56,30.4,45.1,16.8,Beverage,14,
P010,Greek Yogurt,12/06/2024,106,44.71,34.4,64,0,Dairy,4,
P001,Greek Yogurt,13/06/2024,134,35.79,43.3,68.4,0,Vegetable,7,kg
P002,Greek Yogurt,13/06/2024,216,43.01,47.2,67.5,13.1,Vegetable,2,kg
P003,Greek Yogurt,13/06/2024,53,32.46,46,57.1,16.6,Vegetable,3,kg
P004,Greek Yogurt,13/06/2024,150,22.98,43.2,68.3,0,Dairy,5,liters
P005,Greek Yogurt,13/06/2024,126,26.08,46.8,51,0,Vegetable,6,kg
P006,Greek Yogurt,13/06/2024,81,34.73,35.4,62.7,0,Fruit,5,
P007,Greek Yogurt,13/06/2024,100,17.04,29.5,54.1,0,Bakery,2,
P008,Greek Yogurt,13/06/2024,48,95.19,31.1,69,0,Meat,3,
P009,Greek Yogurt,13/06/2024,199,23.29,31.6,51.7,0,Beverage,14,
P010,Greek Yogurt,13/06/2024,112,42.31,34.4,62.4,6,Dairy,4,
P001,Greek Yogurt,14/06/2024,119,38.24,44.2,89.3,17.5,Vegetable,7,kg
P002,Greek Yogurt,14/06/2024,89,26.56,44.6,53.7,0,Vegetable,2,kg
P003,Greek Yogurt,14/06/2024,155,32.46,47.7,71.7,0,Vegetable,3,kg
P004,Greek Yogurt,14/06/2024,31,39.65,46.4,78.3,0,Dairy,5,liters
P005,Greek Yogurt,14/06/2024,242,22.78,47,68.8,0,Vegetable,6,kg
P006,Greek Yogurt,14/06/2024,79,37.42,32.1,63.7,4.7,Fruit,5,
P007,Greek Yogurt,14/06/2024,157,18.61,33.9,61.2,0,Bakery,2,
P008,Greek Yogurt,14/06/2024,64,95.84,30.7,75.9,0,Meat,3,
P009,Greek Yogurt,14/06/2024,188,21.46,30.2,54.3,0,Beverage,14,
P010,Greek Yogurt,14/06/2024,121,41.19,31.4,66.5,0,Dairy,4,
P001,Greek Yogurt,15/06/2024,124,47.12,44,54.1,0,Vegetable,7,kg
P002,Greek Yogurt,15/06/2024,114,34.29,46.4,81.7,0,Vegetable,2,kg
P003,Greek Yogurt,15/06/2024,156,35.86,44.8,78.6,14.2,Vegetable,3,kg
P004,Greek Yogurt,15/06/2024,153,18.68,43.7,63.8,0,Dairy,5,liters
P005,Greek Yogurt,15/06/2024,46,27.81,45.6,69,0,Vegetable,6,kg
P006,Greek Yogurt,15/06/2024,100,36.4,35.5,65.3,0,Fruit,5,
P007,Greek Yogurt,15/06/2024,105,16.16,33.6,55.3,9.6,Bakery,2,
P008,Greek Yogurt,15/06/2024,51,96.61,33,71.5,0,Meat,3,
P009,Greek Yogurt,15/06/2024,210,20.89,31.8,48.5,0,Beverage,14,
P010,Greek Yogurt,15/06/2024,127,42.59,33,59.4,0,Dairy,4,
P001,Greek Yogurt,16/06/2024,146,28.67,44.7,71.2,0,Vegetable,7,kg
P002,Greek Yogurt,16/06/2024,69,31.41,42.5,56.6,0,Vegetable,2,kg
P003,Greek Yogurt,16/06/2024,82,43.39,47.2,67,0,Vegetable,3,kg
P004,Greek Yogurt,16/06/2024,191,57.36,42.2,53.2,0,Dairy,5,liters
P005,Greek Yogurt,16/06/2024,174,32.26,46.1,63.1,0,Vegetable,6,kg
P006,Greek Yogurt,16/06/2024,78,35.7,32.8,65.9,0,Fruit,5,
P007,Greek Yogurt,16/06/2024,157,17.98,30.9,52.9,10.5,Bakery,2,
P008,Greek Yogurt,16/06/2024,52,94.73,33.9,66.4,0,Meat,3,
P009,Greek Yogurt,16/06/2024,218,21.1,33.3,50.8,0,Beverage,14,
P010,Greek Yogurt,16/06/2024,134,43.27,33.5,56.3,0,Dairy,4,
P001,Greek Yogurt,17/06/2024,113,14.49,45.7,70.4,0,Vegetable,7,kg
P002,Greek Yogurt,17/06/2024,151,38.21,44.8,70.5,0,Vegetable,2,kg
P003,Greek Yogurt,17/06/2024,135,37.28,46.9,75.5,0,Vegetable,3,kg
P004,Greek Yogurt,17/06/2024,114,25.69,46.3,51.8,0,Dairy,5,liters
P005,Greek Yogurt,17/06/2024,122,35.81,43.2,75.7,0,Vegetable,6,kg
P006,Greek Yogurt,17/06/2024,105,35.17,32.8,69.1,0,Fruit,5,
P007,Greek Yogurt,17/06/2024,131,17.85,32,58.4,0,Bakery,2,
P008,Greek Yogurt,17/06/2024,82,94.75,31.9,72.6,0,Meat,3,
P009,Greek Yogurt,17/06/2024,182,21.57,28,51.8,0,Beverage,14,
P010,Greek Yogurt,17/06/2024,99,38.28,30.2,65.6,0,Dairy,4,
P001,Greek Yogurt,18/06/2024,160,1.59,48.5,50.8,0,Vegetable,7,kg
P002,Greek Yogurt,18/06/2024,143,35.18,43.4,56.1,0.8,Vegetable,2,kg
P003,Greek Yogurt,18/06/2024,168,43.38,46.9,66.4,0,Vegetable,3,kg
P004,Greek Yogurt,18/06/2024,213,27.62,44.2,76.2,0,Dairy,5,liters
P005,Greek Yogurt,18/06/2024,129,19.28,43.1,69,0,Vegetable,6,kg
P006,Greek Yogurt,18/06/2024,82,34.39,34,69.2,0,Fruit,5,
P007,Greek Yogurt,18/06/2024,155,16.87,30.3,57.8,0,Bakery,2,
P008,Greek Yogurt,18/06/2024,78,94.4,34.2,73.2,0,Meat,3,
P009,Greek Yogurt,18/06/2024,191,22.29,30,48.9,0,Beverage,14,
P010,Greek Yogurt,18/06/2024,84,42.12,33.2,65.4,0,Dairy,4,
P001,Greek Yogurt,19/06/2024,146,31.52,45,50.2,0,Vegetable,7,kg
P002,Greek Yogurt,19/06/2024,161,37.43,42.8,88.4,0,Vegetable,2,kg
P003,Greek Yogurt,19/06/2024,212,28.93,47.4,57.5,0,Vegetable,3,kg
P004,Greek Yogurt,19/06/2024,126,25.63,47.7,57.9,11.3,Dairy,5,liters
P005,Greek Yogurt,19/06/2024,154,40.16,44.2,70.3,0,Vegetable,6,kg
P006,Greek Yogurt,19/06/2024,107,36.5,30.7,60.9,7.6,Fruit,5,
P007,Greek Yogurt,19/06/2024,182,19.71,30.7,52.5,0,Bakery,2,
P008,Greek Yogurt,19/06/2024,82,95.03,31,69.6,0,Meat,3,
P009,Greek Yogurt,19/06/2024,232,22.61,30.2,50.9,0,Beverage,14,
P010,Greek Yogurt,19/06/2024,121,42.65,32.4,66.4,0,Dairy,4,
P001,Greek Yogurt,20/06/2024,98,54.43,45.9,59.6,0,Vegetable,7,kg
P002,Greek Yogurt,20/06/2024,73,27.01,43.3,54.2,0,Vegetable,2,kg
P003,Greek Yogurt,20/06/2024,38,42.03,46.3,72.3,0,Vegetable,3,kg
P004,Greek Yogurt,20/06/2024,225,42.63,45.2,65.9,0,Dairy,5,liters
P005,Greek Yogurt,20/06/2024,77,32.07,43.1,86.8,9.2,Vegetable,6,kg
P006,Greek Yogurt,20/06/2024,99,35.87,33.9,66.2,0,Fruit,5,
P007,Greek Yogurt,20/06/2024,130,18.2,34.6,52.5,0,Bakery,2,
P008,Greek Yogurt,20/06/2024,86,93.3,33.5,70.7,0,Meat,3,
P009,Greek Yogurt,20/06/2024,197,20.93,32.7,52.1,17.6,Beverage,14,
P010,Greek Yogurt,20/06/2024,114,42.88,29.7,63.7,0,Dairy,4,
P001,Greek Yogurt,21/06/2024,128,34.35,45.7,87.2,0,Vegetable,7,kg
P002,Greek Yogurt,21/06/2024,142,12.79,44.6,78.1,9.3,Vegetable,2,kg
P003,Greek Yogurt,21/06/2024,205,25.92,45.3,61.1,0,Vegetable,3,kg
P004,Greek Yogurt,21/06/2024,204,31.7,42.2,87.1,18,Dairy,5,liters
P005,Greek Yogurt,21/06/2024,86,29.2,44.2,79.4,0,Vegetable,6,kg
P006,Greek Yogurt,21/06/2024,88,36.5,32.4,68,0,Fruit,5,
P007,Greek Yogurt,21/06/2024,154,17.7,30.5,55.9,0,Bakery,2,
P008,Greek Yogurt,21/06/2024,66,95.78,33.4,74.3,0,Meat,3,
P009,Greek Yogurt,21/06/2024,210,23.72,29.3,48.4,0,Beverage,14,
P010,Greek Yogurt,21/06/2024,116,41.27,32.7,58.2,0,Dairy,4,
P001,Greek Yogurt,22/06/2024,40,40.93,43.7,81.2,0,Vegetable,7,kg
P002,Greek Yogurt,22/06/2024,28,50.7,47.3,75.4,0,Vegetable,2,kg
P003,Greek Yogurt,22/06/2024,150,37.31,44.4,59.3,18.8,Vegetable,3,kg
P004,Greek Yogurt,22/06/2024,173,49.21,46.3,80.3,0,Dairy,5,liters
P005,Greek Yogurt,22/06/2024,109,37.47,45.3,71.4,0,Vegetable,6,kg
P006,Greek Yogurt,22/06/2024,94,37.79,35,62,0,Fruit,5,
P007,Greek Yogurt,22/06/2024,102,16.9,31.2,51.4,0,Bakery,2,
P008,Greek Yogurt,22/06/2024,68,94.11,31.5,76.8,2.4,Meat,3,
P009,Greek Yogurt,22/06/2024,188,21.35,29.6,52.5,0,Beverage,14,
P010,Greek Yogurt,22/06/2024,89,43.18,32.1,63.4,0,Dairy,4,
P001,Greek Yogurt,23/06/2024,101,23.48,45,71.4,0,Vegetable,7,kg
P002,Greek Yogurt,23/06/2024,149,19.89,43.2,57,0,Vegetable,2,kg
P003,Greek Yogurt,23/06/2024,92,48.56,46.3,58,0,Vegetable,3,kg
P004,Greek Yogurt,23/06/2024,72,18.67,42.4,53.5,0,Dairy,5,liters
P005,Greek Yogurt,23/06/2024,145,47.34,47.3,53.5,0,Vegetable,6,kg
P006,Greek Yogurt,23/06/2024,125,36.04,35.6,61.1,0,Fruit,5,
P007,Greek Yogurt,23/06/2024,128,18.65,32.4,60.1,11.1,Bakery,2,
P008,Greek Yogurt,23/06/2024,63,93.72,34.6,66.6,11.5,Meat,3,
P009,Greek Yogurt,23/06/2024,193,24.26,29.7,49.2,10.1,Beverage,14,
P010,Greek Yogurt,23/06/2024,130,42.02,32.6,65.7,0,Dairy,4,
P001,Greek Yogurt,24/06/2024,169,41.57,44.3,71.1,0,Vegetable,7,kg
P002,Greek Yogurt,24/06/2024,159,29.49,43.5,74.9,0,Vegetable,2,kg
P003,Greek Yogurt,24/06/2024,129,33.03,43,84,0,Vegetable,3,kg
P004,Greek Yogurt,24/06/2024,72,26.55,43.1,83.1,0,Dairy,5,liters
P005,Greek Yogurt,24/06/2024,163,31.59,43.3,61.2,7.4,Vegetable,6,kg
P006,Greek Yogurt,24/06/2024,88,35.25,32,62.2,2.3,Fruit,5,
P007,Greek Yogurt,24/06/2024,112,14.53,32.3,52.9,5.4,Bakery,2,
P008,Greek Yogurt,24/06/2024,65,96.1,35.5,72,0,Meat,3,
P009,Greek Yogurt,24/06/2024,204,21.82,29.7,53.7,0,Beverage,14,
P010,Greek Yogurt,24/06/2024,88,41.14,30.5,65.8,0,Dairy,4,
P001,Greek Yogurt,25/06/2024,181,21.48,43.3,84,3.6,Vegetable,7,kg
P002,Greek Yogurt,25/06/2024,86,25.03,43.2,68.2,0,Vegetable,2,kg
P003,Greek Yogurt,25/06/2024,167,30.3,45.2,83.7,0,Vegetable,3,kg
P004,Greek Yogurt,25/06/2024,142,23.79,45.3,89.1,15.2,Dairy,5,liters
P005,Greek Yogurt,25/06/2024,47,33.66,46,82,0,Vegetable,6,kg
P006,Greek Yogurt,25/06/2024,68,34.14,30.3,64.7,0,Fruit,5,
P007,Greek Yogurt,25/06/2024,154,18.2,32.7,50.8,0,Bakery,2,
P008,Greek Yogurt,25/06/2024,76,94.89,32.2,76.1,0,Meat,3,
P009,Greek Yogurt,25/06/2024,190,21.25,33.2,45.3,2.6,Beverage,14,
P010,Greek Yogurt,25/06/2024,103,40.87,33.3,59.9,10.2,Dairy,4,
P001,Greek Yogurt,26/06/2024,135,22.57,43,87.7,0,Vegetable,7,kg
P002,Greek Yogurt,26/06/2024,152,35.35,44.4,75.2,0,Vegetable,2,kg
P003,Greek Yogurt,26/06/2024,237,40.85,46.2,68.6,0,Vegetable,3,kg
P004,Greek Yogurt,26/06/2024,82,27.62,45.2,72.7,0,Dairy,5,liters
P005,Greek Yogurt,26/06/2024,154,21.97,45.3,57.5,0,Vegetable,6,kg
P006,Greek Yogurt,26/06/2024,95,36.58,32,71.6,0,Fruit,5,
P007,Greek Yogurt,26/06/2024,137,18.16,30.3,50.8,0,Bakery,2,
P008,Greek Yogurt,26/06/2024,44,96.53,32.3,75.8,0,Meat,3,
P009,Greek Yogurt,26/06/2024,221,22.18,31.7,50.4,0,Beverage,14,
P010,Greek Yogurt,26/06/2024,114,43.41,31.2,66.2,0,Dairy,4,
P001,Greek Yogurt,27/06/2024,154,18.88,47.3,66.4,0,Vegetable,7,kg
P002,Greek Yogurt,27/06/2024,109,51.74,43.6,64.5,0,Vegetable,2,kg
P003,Greek Yogurt,27/06/2024,113,19.3,46,89.2,11.2,Vegetable,3,kg
P004,Greek Yogurt,27/06/2024,142,34.7,43.8,80.3,11.7,Dairy,5,liters
P005,Greek Yogurt,27/06/2024,128,35.93,46.2,88.3,0,Vegetable,6,kg
P006,Greek Yogurt,27/06/2024,83,35.23,30,61.9,0,Fruit,5,
P007,Greek Yogurt,27/06/2024,150,20.26,33.5,57.1,0,Bakery,2,
P008,Greek Yogurt,27/06/2024,66,96.31,35.8,76,0,Meat,3,
P009,Greek Yogurt,27/06/2024,187,22.18,33.6,53,0,Beverage,14,
P010,Greek Yogurt,27/06/2024,113,43.3,32.8,59.1,0,Dairy,4,
P001,Greek Yogurt,28/06/2024,146,36.09,43.2,75.8,0,Vegetable,7,kg
P002,Greek Yogurt,28/06/2024,111,14.95,42.2,75.7,0,Vegetable,2,kg
P003,Greek Yogurt,28/06/2024,100,51.17,44.5,84.9,0,Vegetable,3,kg
P004,Greek Yogurt,28/06/2024,101,39.13,42.5,51.8,0,Dairy,5,liters
P005,Greek Yogurt,28/06/2024,96,29.56,45.6,86.2,0,Vegetable,6,kg
P006,Greek Yogurt,28/06/2024,109,32.09,33.5,71.3,0.1,Fruit,5,
P007,Greek Yogurt,28/06/2024,144,19.09,32,50.6,10.6,Bakery,2,
P008,Greek Yogurt,28/06/2024,75,93.64,31.7,70.8,0,Meat,3,
P009,Greek Yogurt,28/06/2024,187,22.37,31.8,50.4,7.7,Beverage,14,
P010,Greek Yogurt,28/06/2024,101,39.06,32.3,62.7,10,Dairy,4,
P001,Greek Yogurt,29/06/2024,11,21.66,48.4,89.5,0,Vegetable,7,kg
P002,Greek Yogurt,29/06/2024,141,30.85,42.8,54.2,4.2,Vegetable,2,kg
P003,Greek Yogurt,29/06/2024,27,17.56,47.2,52.9,0,Vegetable,3,kg
P004,Greek Yogurt,29/06/2024,138,37.32,44.8,58.5,0,Dairy,5,liters
P005,Greek Yogurt,29/06/2024,103,48.03,48.6,64.9,12.6,Vegetable,6,kg
P006,Greek Yogurt,29/06/2024,77,34.65,32.9,70.8,0,Fruit,5,
P007,Greek Yogurt,29/06/2024,196,19.21,33.8,51.7,0,Bakery,2,
P008,Greek Yogurt,29/06/2024,43,97.06,32.5,66,0,Meat,3,
P009,Greek Yogurt,29/06/2024,188,22.07,30.1,53.8,0,Beverage,14,
P010,Greek Yogurt,29/06/2024,127,43.89,29.9,66.6,12.2,Dairy,4,
P001,Greek Yogurt,30/06/2024,106,42.36,47.2,54.8,17.1,Vegetable,7,kg
P002,Greek Yogurt,30/06/2024,33,23.92,46.8,61.9,0,Vegetable,2,kg
P003,Greek Yogurt,30/06/2024,138,24.3,46.9,60.8,0,Vegetable,3,kg
P004,Greek Yogurt,30/06/2024,105,18.3,46.4,77.2,0,Dairy,5,liters
P005,Greek Yogurt,30/06/2024,138,53.54,46.9,67,0,Vegetable,6,kg
P006,Greek Yogurt,30/06/2024,114,33.96,30.7,68.5,0,Fruit,5,
P007,Greek Yogurt,30/06/2024,178,16.95,30.8,58.1,0,Bakery,2,
P008,Greek Yogurt,30/06/2024,106,95.65,35.4,67.5,0,Meat,3,
P009,Greek Yogurt,30/06/2024,183,22.04,29,50.2,0,Beverage,14,
P010,Greek Yogurt,30/06/2024,98,41.28,30.5,63.9,0,Dairy,4,
P001,Greek Yogurt,01/07/2024,81,6.73,46,76.8,0,Vegetable,7,kg
P002,Greek Yogurt,01/07/2024,148,39.4,44.8,69.2,0,Vegetable,2,kg
P003,Greek Yogurt,01/07/2024,168,43.05,46.3,77.8,0,Vegetable,3,kg
P004,Greek Yogurt,01/07/2024,163,37.56,45.5,74.3,0,Dairy,5,liters
P005,Greek Yogurt,01/07/2024,79,31.34,45.6,70,0,Vegetable,6,kg
P006,Greek Yogurt,01/07/2024,113,33.87,35.6,60.5,0,Fruit,5,
P007,Greek Yogurt,01/07/2024,133,17.28,29.6,53.8,4.7,Bakery,2,
P008,Greek Yogurt,01/07/2024,104,95.07,33.9,71.5,0,Meat,3,
P009,Greek Yogurt,01/07/2024,186,21.75,30.3,51.1,8.7,Beverage,14,
P010,Greek Yogurt,01/07/2024,108,40.43,32.2,58.9,0,Dairy,4,
P001,Greek Yogurt,02/07/2024,112,28.25,45.9,52.4,0,Vegetable,7,kg
P002,Greek Yogurt,02/07/2024,118,29.15,46.8,64.7,0,Vegetable,2,kg
P003,Greek Yogurt,02/07/2024,69,11.11,45.1,75.4,12.7,Vegetable,3,kg
P004,Greek Yogurt,02/07/2024,85,34.07,47.7,62,0,Dairy,5,liters
P005,Greek Yogurt,02/07/2024,58,33.57,49.5,61.7,0,Vegetable,6,kg
P006,Greek Yogurt,02/07/2024,82,35.22,35,67.8,0,Fruit,5,
P007,Greek Yogurt,02/07/2024,159,18.75,29.6,52,0,Bakery,2,
P008,Greek Yogurt,02/07/2024,34,96.39,34.4,73.9,0,Meat,3,
P009,Greek Yogurt,02/07/2024,218,22.15,30.5,53.2,0,Beverage,14,
P010,Greek Yogurt,02/07/2024,117,40.25,31.6,56.5,5.9,Dairy,4,
P001,Greek Yogurt,03/07/2024,141,35.02,47.6,89,0,Vegetable,7,kg
P002,Greek Yogurt,03/07/2024,183,21.12,44.4,71.7,0,Vegetable,2,kg
P003,Greek Yogurt,03/07/2024,52,20.02,46.9,85.7,0,Vegetable,3,kg
P004,Greek Yogurt,03/07/2024,125,26.77,48.3,75,0,Dairy,5,liters
P005,Greek Yogurt,03/07/2024,180,35.25,50.8,64.5,0,Vegetable,6,kg
P006,Greek Yogurt,03/07/2024,91,33.95,34.2,66.4,2.5,Fruit,5,
P007,Greek Yogurt,03/07/2024,150,17.44,33.2,58.7,6.3,Bakery,2,
P008,Greek Yogurt,03/07/2024,66,95.32,31.6,70.1,0,Meat,3,
P009,Greek Yogurt,03/07/2024,206,23.01,30.7,45.7,13.3,Beverage,14,
P010,Greek Yogurt,03/07/2024,117,41.36,34.7,57.6,0,Dairy,4,
P001,Greek Yogurt,04/07/2024,256,20.84,46.4,63.7,0,Vegetable,7,kg
P002,Greek Yogurt,04/07/2024,52,18.5,48.6,57.3,0,Vegetable,2,kg
P003,Greek Yogurt,04/07/2024,83,23.78,50.3,55.8,0,Vegetable,3,kg
P004,Greek Yogurt,04/07/2024,102,39.22,47.2,80.9,0,Dairy,5,liters
P005,Greek Yogurt,04/07/2024,129,28.48,50.5,56.5,0,Vegetable,6,kg
P006,Greek Yogurt,04/07/2024,103,34.63,32.7,67.4,5,Fruit,5,
P007,Greek Yogurt,04/07/2024,161,19.02,33.5,59,0,Bakery,2,
P008,Greek Yogurt,04/07/2024,48,95.04,32.4,70.5,0,Meat,3,
P009,Greek Yogurt,04/07/2024,197,22.95,30.1,47.1,0,Beverage,14,
P010,Greek Yogurt,04/07/2024,96,43.14,31.4,63.7,0,Dairy,4,
P001,Greek Yogurt,05/07/2024,158,10.8,45,76.5,0,Vegetable,7,kg
P002,Greek Yogurt,05/07/2024,97,40.03,45.7,85.1,0,Vegetable,2,kg
P003,Greek Yogurt,05/07/2024,26,41.64,50.8,74.6,8.7,Vegetable,3,kg
P004,Greek Yogurt,05/07/2024,134,35.45,45.3,65.6,0,Dairy,5,liters
P005,Greek Yogurt,05/07/2024,160,37.61,46.6,61.1,0,Vegetable,6,kg
P006,Greek Yogurt,05/07/2024,104,33.36,32.7,67.9,0,Fruit,5,
P007,Greek Yogurt,05/07/2024,136,18.03,34.4,56.3,4.3,Bakery,2,
P008,Greek Yogurt,05/07/2024,62,94.98,36.3,72.8,0,Meat,3,
P009,Greek Yogurt,05/07/2024,188,21.31,33.8,51.6,0,Beverage,14,
P010,Greek Yogurt,05/07/2024,88,42.52,34.6,59.9,5.6,Dairy,4,
P001,Greek Yogurt,06/07/2024,142,48.65,45,89.5,11.6,Vegetable,7,kg
P002,Greek Yogurt,06/07/2024,55,36.75,46.4,56.2,0,Vegetable,2,kg
P003,Greek Yogurt,06/07/2024,49,11.34,45.6,52.8,0,Vegetable,3,kg
P004,Greek Yogurt,06/07/2024,57,29.49,45.6,77.3,15.6,Dairy,5,liters
P005,Greek Yogurt,06/07/2024,231,27.03,45.7,66.8,0,Vegetable,6,kg
P006,Greek Yogurt,06/07/2024,90,35.24,31.5,60.3,0,Fruit,5,
P007,Greek Yogurt,06/07/2024,131,17.3,30.5,53.9,0,Bakery,2,
P008,Greek Yogurt,06/07/2024,51,95.27,36.9,66.3,0,Meat,3,
P009,Greek Yogurt,06/07/2024,221,22.26,33.7,55.4,0,Beverage,14,
P010,Greek Yogurt,06/07/2024,108,42.54,35.2,63.3,0,Dairy,4,
P001,Greek Yogurt,07/07/2024,134,45.49,45.1,83.5,0,Vegetable,7,kg
P002,Greek Yogurt,07/07/2024,98,30.42,46.2,82.5,0,Vegetable,2,kg
P003,Greek Yogurt,07/07/2024,127,40.16,45.7,84.5,13.7,Vegetable,3,kg
P004,Greek Yogurt,07/07/2024,119,33.36,45.9,88.6,0,Dairy,5,liters
P005,Greek Yogurt,07/07/2024,72,25.73,46.9,65.6,0,Vegetable,6,kg
P006,Greek Yogurt,07/07/2024,95,33.08,32.6,71,0,Fruit,5,
P007,Greek Yogurt,07/07/2024,127,18.52,34.8,53.2,0,Bakery,2,
P008,Greek Yogurt,07/07/2024,67,93.67,33,72.7,0,Meat,3,
P009,Greek Yogurt,07/07/2024,194,24.11,31.4,51.8,7.5,Beverage,14,
P010,Greek Yogurt,07/07/2024,131,44.49,32.8,58.5,0,Dairy,4,
P001,Greek Yogurt,08/07/2024,128,32.4,45.9,51.7,0,Vegetable,7,kg
P002,Greek Yogurt,08/07/2024,81,30.71,48.7,65.6,0,Vegetable,2,kg
P003,Greek Yogurt,08/07/2024,72,19.66,48.1,66.7,8.7,Vegetable,3,kg
P004,Greek Yogurt,08/07/2024,99,38.7,46.8,83.7,0,Dairy,5,liters
P005,Greek Yogurt,08/07/2024,225,30.88,47.5,55.7,8.9,Vegetable,6,kg
P006,Greek Yogurt,08/07/2024,104,36.78,31.3,62.9,0,Fruit,5,
P007,Greek Yogurt,08/07/2024,174,18.85,32.6,54.6,0,Bakery,2,
P008,Greek Yogurt,08/07/2024,64,95.59,32,73.5,0,Meat,3,
P009,Greek Yogurt,08/07/2024,224,21.45,33.1,46.1,0,Beverage,14,
P010,Greek Yogurt,08/07/2024,108,43.06,30.4,61.8,0,Dairy,4,
P001,Greek Yogurt,09/07/2024,83,33.65,47.9,59.2,0,Vegetable,7,kg
P002,Greek Yogurt,09/07/2024,134,33.97,46.8,79.4,0,Vegetable,2,kg
P003,Greek Yogurt,09/07/2024,199,32.15,48.8,70.8,0,Vegetable,3,kg
P004,Greek Yogurt,09/07/2024,99,36.12,47.8,72.2,0,Dairy,5,liters
P005,Greek Yogurt,09/07/2024,170,36.24,49.7,50.3,0,Vegetable,6,kg
P006,Greek Yogurt,09/07/2024,102,34.35,31.8,60.2,0,Fruit,5,
P007,Greek Yogurt,09/07/2024,136,17.52,35,61.1,0,Bakery,2,
P008,Greek Yogurt,09/07/2024,74,94.41,31.5,74.9,0,Meat,3,
P009,Greek Yogurt,09/07/2024,185,22.07,30.6,57,0,Beverage,14,
P010,Greek Yogurt,09/07/2024,116,42.85,30.5,65.8,0,Dairy,4,
P001,Greek Yogurt,10/07/2024,189,27.7,47.3,82.8,0,Vegetable,7,kg
P002,Greek Yogurt,10/07/2024,95,35.44,49.2,86.5,0,Vegetable,2,kg
P003,Greek Yogurt,10/07/2024,124,25.35,50.1,63.3,0,Vegetable,3,kg
P004,Greek Yogurt,10/07/2024,114,30.65,48.8,69.1,0,Dairy,5,liters
P005,Greek Yogurt,10/07/2024,182,19.09,45.9,62.5,0,Vegetable,6,kg
P006,Greek Yogurt,10/07/2024,115,33.84,30.7,67.5,0,Fruit,5,
P007,Greek Yogurt,10/07/2024,103,17.54,34.1,52.7,0,Bakery,2,
P008,Greek Yogurt,10/07/2024,71,96.28,36.8,71.5,0,Meat,3,
P009,Greek Yogurt,10/07/2024,200,19.47,33.2,53.3,0,Beverage,14,
P010,Greek Yogurt,10/07/2024,104,40.8,29.9,55.9,0,Dairy,4,
P001,Greek Yogurt,11/07/2024,130,27.88,46,53.7,0,Vegetable,7,kg
P002,Greek Yogurt,11/07/2024,101,33.19,45.4,87,17.4,Vegetable,2,kg
P003,Greek Yogurt,11/07/2024,179,32.87,48.1,56.9,0,Vegetable,3,kg
P004,Greek Yogurt,11/07/2024,143,46.27,46.2,75.8,0,Dairy,5,liters
P005,Greek Yogurt,11/07/2024,72,47.06,51.3,59.2,0,Vegetable,6,kg
P006,Greek Yogurt,11/07/2024,109,34.91,32.8,71.8,0,Fruit,5,
P007,Greek Yogurt,11/07/2024,123,19.85,29.5,57.6,0,Bakery,2,
P008,Greek Yogurt,11/07/2024,49,96.62,36.6,67.7,0,Meat,3,
P009,Greek Yogurt,11/07/2024,191,22.85,30.4,55.3,0,Beverage,14,
P010,Greek Yogurt,11/07/2024,100,44.06,30,62,0,Dairy,4,
P001,Greek Yogurt,12/07/2024,135,19.26,49.8,77.5,6,Vegetable,7,kg
P002,Greek Yogurt,12/07/2024,102,45.28,45.7,64,0,Vegetable,2,kg
P003,Greek Yogurt,12/07/2024,91,46.49,50,85.8,0,Vegetable,3,kg
P004,Greek Yogurt,12/07/2024,169,45.34,45.5,62.8,0,Dairy,5,liters
P005,Greek Yogurt,12/07/2024,38,35.68,49.3,62.1,0,Vegetable,6,kg
P006,Greek Yogurt,12/07/2024,104,37.37,34,60.8,0,Fruit,5,
P007,Greek Yogurt,12/07/2024,136,16.68,30.4,54.7,0,Bakery,2,
P008,Greek Yogurt,12/07/2024,61,95.05,34.3,69.4,0,Meat,3,
P009,Greek Yogurt,12/07/2024,195,24.2,31.4,56.4,0,Beverage,14,
P010,Greek Yogurt,12/07/2024,123,41.95,32,56.4,0,Dairy,4,
P001,Greek Yogurt,13/07/2024,173,14.84,47.1,53,0,Vegetable,7,kg
P002,Greek Yogurt,13/07/2024,134,0.99,45.4,63.1,0,Vegetable,2,kg
P003,Greek Yogurt,13/07/2024,45,34.61,48.8,79.8,0,Vegetable,3,kg
P004,Greek Yogurt,13/07/2024,153,39.5,47.6,56.2,0,Dairy,5,liters
P005,Greek Yogurt,13/07/2024,99,25.67,47.8,87.7,0,Vegetable,6,kg
P006,Greek Yogurt,13/07/2024,86,35.22,33.6,66.3,0,Fruit,5,
P007,Greek Yogurt,13/07/2024,145,17.71,30.4,60.8,0,Bakery,2,
P008,Greek Yogurt,13/07/2024,52,93.85,37.1,76.5,0,Meat,3,
P009,Greek Yogurt,13/07/2024,214,22.19,28.6,45.7,0,Beverage,14,
P010,Greek Yogurt,13/07/2024,102,40.79,34.1,63.8,0,Dairy,4,
P001,Greek Yogurt,14/07/2024,41,37.24,48.6,74.8,0,Vegetable,7,kg
P002,Greek Yogurt,14/07/2024,207,30.53,45.9,80.2,0,Vegetable,2,kg
P003,Greek Yogurt,14/07/2024,99,37.81,45.9,70.6,0,Vegetable,3,kg
P004,Greek Yogurt,14/07/2024,170,28.52,44.5,70,0,Dairy,5,liters
P005,Greek Yogurt,14/07/2024,115,31.26,46.6,68.9,0,Vegetable,6,kg
P006,Greek Yogurt,14/07/2024,121,35.55,35.3,69.4,3.5,Fruit,5,
P007,Greek Yogurt,14/07/2024,132,19.12,33,53.7,3.1,Bakery,2,
P008,Greek Yogurt,14/07/2024,81,95.84,31.2,67.2,6.6,Meat,3,
P009,Greek Yogurt,14/07/2024,221,21.98,32.8,54.7,0,Beverage,14,
P010,Greek Yogurt,14/07/2024,124,39.55,32.3,57.4,0,Dairy,4,
P001,Greek Yogurt,15/07/2024,31,22.19,49.6,73.3,0,Vegetable,7,kg
P002,Greek Yogurt,15/07/2024,160,33.37,47.6,55.3,0,Vegetable,2,kg
P003,Greek Yogurt,15/07/2024,145,31.8,46.6,79.4,0,Vegetable,3,kg
P004,Greek Yogurt,15/07/2024,166,13.06,44.8,68.1,0,Dairy,5,liters
P005,Greek Yogurt,15/07/2024,59,24.34,45.9,88.7,0,Vegetable,6,kg
P006,Greek Yogurt,15/07/2024,81,36.39,34.3,71.2,0,Fruit,5,
P007,Greek Yogurt,15/07/2024,139,15.85,29.7,61.4,11.2,Bakery,2,
P008,Greek Yogurt,15/07/2024,69,95.38,36.9,71.4,0,Meat,3,
P009,Greek Yogurt,15/07/2024,168,18.99,33.9,50.1,0,Beverage,14,
P010,Greek Yogurt,15/07/2024,98,43.34,29.9,66.6,0,Dairy,4,
P001,Greek Yogurt,16/07/2024,69,36.05,49.3,72.5,0,Vegetable,7,kg
P002,Greek Yogurt,16/07/2024,52,46.59,46.4,71.4,0,Vegetable,2,kg
P003,Greek Yogurt,16/07/2024,127,28.88,48.7,58.3,12.6,Vegetable,3,kg
P004,Greek Yogurt,16/07/2024,41,5.64,49.1,70.8,0,Dairy,5,liters
P005,Greek Yogurt,16/07/2024,134,16.47,49.5,59.7,0,Vegetable,6,kg
P006,Greek Yogurt,16/07/2024,116,34.74,35.2,66.3,0,Fruit,5,
P007,Greek Yogurt,16/07/2024,139,18.07,34.1,54.6,4.4,Bakery,2,
P008,Greek Yogurt,16/07/2024,63,97.19,32.7,69,0,Meat,3,
P009,Greek Yogurt,16/07/2024,188,24.39,29.1,50.9,0,Beverage,14,
P010,Greek Yogurt,16/07/2024,101,42.45,34.2,59.4,0,Dairy,4,
P001,Greek Yogurt,17/07/2024,114,14.53,45.1,77.8,0,Vegetable,7,kg
P002,Greek Yogurt,17/07/2024,178,19.1,44.6,85.8,9.2,Vegetable,2,kg
P003,Greek Yogurt,17/07/2024,9,30.47,46,77.4,14.4,Vegetable,3,kg
P004,Greek Yogurt,17/07/2024,5,22.16,49.8,74,0,Dairy,5,liters
P005,Greek Yogurt,17/07/2024,157,41.8,49.9,71,0,Vegetable,6,kg
P006,Greek Yogurt,17/07/2024,93,35.83,32.1,67.4,0,Fruit,5,
P007,Greek Yogurt,17/07/2024,135,17.52,33.2,61.9,8.9,Bakery,2,
P008,Greek Yogurt,17/07/2024,40,94.33,32.5,65.7,0,Meat,3,
P009,Greek Yogurt,17/07/2024,217,24.59,29.3,50.7,0,Beverage,14,
P010,Greek Yogurt,17/07/2024,102,42.91,29.8,66.9,0,Dairy,4,
P001,Greek Yogurt,18/07/2024,120,28.97,49.7,53.6,0,Vegetable,7,kg
P002,Greek Yogurt,18/07/2024,64,24.5,47.9,80.1,5.3,Vegetable,2,kg
P003,Greek Yogurt,18/07/2024,140,24.51,49.1,84.7,0,Vegetable,3,kg
P004,Greek Yogurt,18/07/2024,124,44.97,50.2,50.9,0,Dairy,5,liters
P005,Greek Yogurt,18/07/2024,115,0.99,50.3,83.8,0,Vegetable,6,kg
P006,Greek Yogurt,18/07/2024,82,34.92,32.8,60.3,0,Fruit,5,
P007,Greek Yogurt,18/07/2024,130,19.16,34,55.6,0,Bakery,2,
P008,Greek Yogurt,18/07/2024,58,95.69,36.2,65.4,0,Meat,3,
P009,Greek Yogurt,18/07/2024,188,20.05,31.5,56.2,0,Beverage,14,
P010,Greek Yogurt,18/07/2024,98,40.39,34.4,61.3,0,Dairy,4,
P001,Greek Yogurt,19/07/2024,131,22.92,46.9,64,0,Vegetable,7,kg
P002,Greek Yogurt,19/07/2024,110,14.49,49.7,50.9,7.2,Vegetable,2,kg
P003,Greek Yogurt,19/07/2024,181,38.68,50.5,56.1,0,Vegetable,3,kg
P004,Greek Yogurt,19/07/2024,168,30.11,45.7,69.3,0,Dairy,5,liters
P005,Greek Yogurt,19/07/2024,144,33.85,50.1,81.3,0,Vegetable,6,kg
P006,Greek Yogurt,19/07/2024,79,34.07,30.4,71.8,0,Fruit,5,
P007,Greek Yogurt,19/07/2024,124,18.18,34.5,59,0,Bakery,2,
P008,Greek Yogurt,19/07/2024,62,94.26,31.4,68.1,0,Meat,3,
P009,Greek Yogurt,19/07/2024,222,24.9,30.5,47.8,0,Beverage,14,
P010,Greek Yogurt,19/07/2024,125,41.63,30.5,57.8,0,Dairy,4,
P001,Greek Yogurt,20/07/2024,196,33.86,48.1,53,0,Vegetable,7,kg
P002,Greek Yogurt,20/07/2024,86,34.85,50,68.8,0,Vegetable,2,kg
P003,Greek Yogurt,20/07/2024,100,36.02,47.9,71,15.3,Vegetable,3,kg
P004,Greek Yogurt,20/07/2024,90,35.45,48.5,65.1,0,Dairy,5,liters
P005,Greek Yogurt,20/07/2024,52,21.09,47.7,85.9,0,Vegetable,6,kg
P006,Greek Yogurt,20/07/2024,99,34.46,33.5,68.9,0,Fruit,5,
P007,Greek Yogurt,20/07/2024,161,17.93,31.6,50.4,0,Bakery,2,
P008,Greek Yogurt,20/07/2024,73,94.92,31.6,68.5,0,Meat,3,
P009,Greek Yogurt,20/07/2024,182,20.16,32,52.6,0,Beverage,14,
P010,Greek Yogurt,20/07/2024,112,41.73,35.3,61.2,0,Dairy,4,
P001,Greek Yogurt,21/07/2024,57,54.08,49.2,80.4,0,Vegetable,7,kg
P002,Greek Yogurt,21/07/2024,78,26.14,48.2,78.4,0,Vegetable,2,kg
P003,Greek Yogurt,21/07/2024,129,20.62,50.5,79.6,0,Vegetable,3,kg
P004,Greek Yogurt,21/07/2024,163,31.95,48.1,72,0,Dairy,5,liters
P005,Greek Yogurt,21/07/2024,165,16.72,47.8,73.5,0,Vegetable,6,kg
P006,Greek Yogurt,21/07/2024,76,33.23,32.1,68.9,0,Fruit,5,
P007,Greek Yogurt,21/07/2024,136,17.18,35.2,57.5,1.8,Bakery,2,
P008,Greek Yogurt,21/07/2024,83,96.22,36.9,72.4,0,Meat,3,
P009,Greek Yogurt,21/07/2024,221,22.4,29.5,53.5,15,Beverage,14,
P010,Greek Yogurt,21/07/2024,115,41.32,31,64.3,0,Dairy,4,
P001,Greek Yogurt,22/07/2024,71,31.67,50.8,88.5,15.9,Vegetable,7,kg
P002,Greek Yogurt,22/07/2024,28,8.77,46.7,75.3,0,Vegetable,2,kg
P003,Greek Yogurt,22/07/2024,42,14.57,49.1,69.1,0,Vegetable,3,kg
P004,Greek Yogurt,22/07/2024,157,28.97,45.3,60.7,13.7,Dairy,5,liters
P005,Greek Yogurt,22/07/2024,24,37.54,51.1,55.5,0,Vegetable,6,kg
P006,Greek Yogurt,22/07/2024,70,34.55,34.5,67.3,0,Fruit,5,
P007,Greek Yogurt,22/07/2024,103,15.49,34.7,54.9,0,Bakery,2,
P008,Greek Yogurt,22/07/2024,47,94.87,36.1,76.4,0,Meat,3,
P009,Greek Yogurt,22/07/2024,182,21.55,29,56.6,0,Beverage,14,
P010,Greek Yogurt,22/07/2024,117,38.84,34.2,60.5,0,Dairy,4,
P001,Greek Yogurt,23/07/2024,184,21.26,50,58.4,9.2,Vegetable,7,kg
P002,Greek Yogurt,23/07/2024,103,23.92,50.3,89.2,0,Vegetable,2,kg
P003,Greek Yogurt,23/07/2024,202,39.45,46.8,73.6,0,Vegetable,3,kg
P004,Greek Yogurt,23/07/2024,159,19.17,45.5,66.4,0,Dairy,5,liters
P005,Greek Yogurt,23/07/2024,116,17.32,46.1,66.2,0,Vegetable,6,kg
P006,Greek Yogurt,23/07/2024,95,35.61,35.7,68,0,Fruit,5,
P007,Greek Yogurt,23/07/2024,159,17.57,30.9,50.1,0,Bakery,2,
P008,Greek Yogurt,23/07/2024,43,95.34,35.5,67.7,0,Meat,3,
P009,Greek Yogurt,23/07/2024,210,22.66,34.1,56.5,0,Beverage,14,
P010,Greek Yogurt,23/07/2024,120,40.01,30.1,56.9,0,Dairy,4,
P001,Greek Yogurt,24/07/2024,33,0.99,50.6,85.9,12.3,Vegetable,7,kg
P002,Greek Yogurt,24/07/2024,216,14.71,46.1,59.8,0,Vegetable,2,kg
P003,Greek Yogurt,24/07/2024,153,10.93,47.3,55.6,0,Vegetable,3,kg
P004,Greek Yogurt,24/07/2024,113,38.12,46,50.1,8.8,Dairy,5,liters
P005,Greek Yogurt,24/07/2024,111,36.51,48.5,54.1,0,Vegetable,6,kg
P006,Greek Yogurt,24/07/2024,61,36.19,33.8,68.5,0,Fruit,5,
P007,Greek Yogurt,24/07/2024,164,19.18,32.9,51.7,0,Bakery,2,
P008,Greek Yogurt,24/07/2024,64,96.14,33.3,74.1,0,Meat,3,
P009,Greek Yogurt,24/07/2024,215,22.8,30.3,56.5,0,Beverage,14,
P010,Greek Yogurt,24/07/2024,98,41.52,33.2,64.9,0,Dairy,4,
P001,Greek Yogurt,25/07/2024,56,35.11,45.1,79,14.8,Vegetable,7,kg
P002,Greek Yogurt,25/07/2024,61,27.58,50.2,51,0,Vegetable,2,kg
P003,Greek Yogurt,25/07/2024,202,50.06,48.2,61.8,8.9,Vegetable,3,kg
P004,Greek Yogurt,25/07/2024,198,31.54,47,72,0,Dairy,5,liters
P005,Greek Yogurt,25/07/2024,163,46.94,50.8,67.3,0,Vegetable,6,kg
P006,Greek Yogurt,25/07/2024,103,35.31,30.2,64.4,0,Fruit,5,
P007,Greek Yogurt,25/07/2024,152,17.27,32.5,52.7,0,Bakery,2,
P008,Greek Yogurt,25/07/2024,77,96.56,31.5,66.4,3.2,Meat,3,
P009,Greek Yogurt,25/07/2024,208,22.76,28.3,47.1,10.7,Beverage,14,
P010,Greek Yogurt,25/07/2024,89,42.46,32.9,58.8,0,Dairy,4,
P001,Greek Yogurt,26/07/2024,133,42.94,50.5,89,0,Vegetable,7,kg
P002,Greek Yogurt,26/07/2024,151,21.41,47.1,73.8,0,Vegetable,2,kg
P003,Greek Yogurt,26/07/2024,165,15.52,50.8,67.7,0,Vegetable,3,kg
P004,Greek Yogurt,26/07/2024,119,31.44,49.5,81.4,0,Dairy,5,liters
P005,Greek Yogurt,26/07/2024,107,22.41,48.9,78.4,0,Vegetable,6,kg
P006,Greek Yogurt,26/07/2024,106,34.5,32.8,64.5,0,Fruit,5,
P007,Greek Yogurt,26/07/2024,153,18.95,29.5,56.8,0,Bakery,2,
P008,Greek Yogurt,26/07/2024,58,97.43,33.2,74.6,0,Meat,3,
P009,Greek Yogurt,26/07/2024,200,22.01,34,56.1,0,Beverage,14,
P010,Greek Yogurt,26/07/2024,99,42.81,33.7,56.6,0,Dairy,4,
P001,Greek Yogurt,27/07/2024,126,32.36,48.5,59.7,0,Vegetable,7,kg
P002,Greek Yogurt,27/07/2024,180,32.01,45.8,55.2,0,Vegetable,2,kg
P003,Greek Yogurt,27/07/2024,155,21.59,45.8,82.5,0,Vegetable,3,kg
P004,Greek Yogurt,27/07/2024,107,34.5,45.3,51.3,0.9,Dairy,5,liters
P005,Greek Yogurt,27/07/2024,57,42.18,51.2,83.7,0.7,Vegetable,6,kg
P006,Greek Yogurt,27/07/2024,107,34.97,30.6,64,0,Fruit,5,
P007,Greek Yogurt,27/07/2024,127,17.71,32.5,55,0,Bakery,2,
P008,Greek Yogurt,27/07/2024,57,97.14,31.9,68.1,0,Meat,3,
P009,Greek Yogurt,27/07/2024,194,21,29.1,50.5,0,Beverage,14,
P010,Greek Yogurt,27/07/2024,108,41.97,34,61.6,0,Dairy,4,
P001,Greek Yogurt,28/07/2024,86,50.83,49,64.6,0,Vegetable,7,kg
P002,Greek Yogurt,28/07/2024,98,27.3,50.1,76.6,0,Vegetable,2,kg
P003,Greek Yogurt,28/07/2024,104,26.58,48.2,58.9,0,Vegetable,3,kg
P004,Greek Yogurt,28/07/2024,165,16.12,47.1,73.2,0,Dairy,5,liters
P005,Greek Yogurt,28/07/2024,104,21.36,47.4,69,15.6,Vegetable,6,kg
P006,Greek Yogurt,28/07/2024,83,35.93,30.9,68.1,0,Fruit,5,
P007,Greek Yogurt,28/07/2024,123,16.93,35,52.3,0,Bakery,2,
P008,Greek Yogurt,28/07/2024,53,95.38,35.1,76.3,0,Meat,3,
P009,Greek Yogurt,28/07/2024,217,21.37,28.3,48,0,Beverage,14,
P010,Greek Yogurt,28/07/2024,92,43.82,33.4,56.6,0,Dairy,4,
P001,Greek Yogurt,29/07/2024,88,33.76,50.2,67,0,Vegetable,7,kg
P002,Greek Yogurt,29/07/2024,112,27.8,48.4,80.8,0,Vegetable,2,kg
P003,Greek Yogurt,29/07/2024,24,21.62,45.1,78.7,0,Vegetable,3,kg
P004,Greek Yogurt,29/07/2024,130,37.5,46.7,61.2,0,Dairy,5,liters
P005,Greek Yogurt,29/07/2024,155,31.3,46.5,57.2,0,Vegetable,6,kg
P006,Greek Yogurt,29/07/2024,95,34.92,32.9,64.9,0,Fruit,5,
P007,Greek Yogurt,29/07/2024,137,16.78,31.4,59.3,0,Bakery,2,
P008,Greek Yogurt,29/07/2024,72,96.85,32,70.6,0,Meat,3,
P009,Greek Yogurt,29/07/2024,215,20.56,31.6,48.3,0,Beverage,14,
P010,Greek Yogurt,29/07/2024,119,43.32,35.5,65.5,0,Dairy,4,
P001,Greek Yogurt,30/07/2024,137,29.05,49.2,53.9,0,Vegetable,7,kg
P002,Greek Yogurt,30/07/2024,57,20.09,46.1,65.6,0,Vegetable,2,kg
P003,Greek Yogurt,30/07/2024,172,19.36,49.5,80.8,12.1,Vegetable,3,kg
P004,Greek Yogurt,30/07/2024,164,15.34,45.8,69.9,0,Dairy,5,liters
P005,Greek Yogurt,30/07/2024,100,49.3,49.1,87.5,6.4,Vegetable,6,kg
P006,Greek Yogurt,30/07/2024,94,37.85,35.4,68.6,0,Fruit,5,
P007,Greek Yogurt,30/07/2024,140,18.73,30.6,59.3,11.6,Bakery,2,
P008,Greek Yogurt,30/07/2024,74,95.45,33.5,74.3,0,Meat,3,
P009,Greek Yogurt,30/07/2024,214,23.18,32.2,48.7,0,Beverage,14,
P010,Greek Yogurt,30/07/2024,117,43.26,32.5,65.3,0,Dairy,4,
P001,Greek Yogurt,31/07/2024,92,27.88,49.3,53.2,18.5,Vegetable,7,kg
P002,Greek Yogurt,31/07/2024,68,35.62,49.4,89.9,0,Vegetable,2,kg
P003,Greek Yogurt,31/07/2024,151,29.37,47.3,54.7,0,Vegetable,3,kg
P004,Greek Yogurt,31/07/2024,217,40.66,48,66.4,0,Dairy,5,liters
P005,Greek Yogurt,31/07/2024,140,25.29,46.1,71.7,11.8,Vegetable,6,kg
P006,Greek Yogurt,31/07/2024,97,34.58,35.1,70.1,0,Fruit,5,
P007,Greek Yogurt,31/07/2024,120,18.8,34.1,61.5,0,Bakery,2,
P008,Greek Yogurt,31/07/2024,70,95.02,34.2,66.2,5.3,Meat,3,
P009,Greek Yogurt,31/07/2024,203,21.52,30.2,49.3,0,Beverage,14,
P010,Greek Yogurt,31/07/2024,103,44.3,33.4,63.4,2.8,Dairy,4,
P001,Greek Yogurt,01/08/2024,144,49.31,44.1,66.7,0,Vegetable,7,kg
P002,Greek Yogurt,01/08/2024,149,36.57,47.6,55.9,0,Vegetable,2,kg
P003,Greek Yogurt,01/08/2024,186,39.56,46,66.8,0,Vegetable,3,kg
P004,Greek Yogurt,01/08/2024,129,19.12,47.6,86,0,Dairy,5,liters
P005,Greek Yogurt,01/08/2024,158,27.31,43,79.9,15.9,Vegetable,6,kg
P006,Greek Yogurt,01/08/2024,100,36.77,34,65,2.2,Fruit,5,
P007,Greek Yogurt,01/08/2024,112,20.65,30.5,53.1,11.1,Bakery,2,
P008,Greek Yogurt,01/08/2024,44,94.34,34.3,70.5,5.3,Meat,3,
P009,Greek Yogurt,01/08/2024,192,21.91,29.1,45.8,8.5,Beverage,14,
P010,Greek Yogurt,01/08/2024,110,41.74,32.8,60.8,7.7,Dairy,4,
P001,Greek Yogurt,02/08/2024,59,51.22,43.1,72.1,0,Vegetable,7,kg
P002,Greek Yogurt,02/08/2024,114,24.69,47.8,64.3,0,Vegetable,2,kg
P003,Greek Yogurt,02/08/2024,56,37.98,46.5,75.4,0,Vegetable,3,kg
P004,Greek Yogurt,02/08/2024,239,34.1,43.8,76.7,0,Dairy,5,liters
P005,Greek Yogurt,02/08/2024,153,72.99,46.8,85.3,0,Vegetable,6,kg
P006,Greek Yogurt,02/08/2024,89,37.83,30.5,69.8,0,Fruit,5,
P007,Greek Yogurt,02/08/2024,114,17.82,28.9,54.5,0,Bakery,2,
P008,Greek Yogurt,02/08/2024,65,96.43,33.7,69.5,0,Meat,3,
P009,Greek Yogurt,02/08/2024,199,22.17,31.5,48.8,0,Beverage,14,
P010,Greek Yogurt,02/08/2024,94,40.58,34.2,60.1,0,Dairy,4,
P001,Greek Yogurt,03/08/2024,140,37.48,45.1,70.3,0,Vegetable,7,kg
P002,Greek Yogurt,03/08/2024,123,48.47,44.1,88.8,0,Vegetable,2,kg
P003,Greek Yogurt,03/08/2024,59,16.78,47,60.5,0,Vegetable,3,kg
P004,Greek Yogurt,03/08/2024,92,27.88,46.6,51,9.4,Dairy,5,liters
P005,Greek Yogurt,03/08/2024,164,31.86,48.5,74.7,0,Vegetable,6,kg
P006,Greek Yogurt,03/08/2024,92,37.07,33.2,70.2,0,Fruit,5,
P007,Greek Yogurt,03/08/2024,115,16.77,31.7,57.3,0,Bakery,2,
P008,Greek Yogurt,03/08/2024,63,94.34,30.7,67.3,11.1,Meat,3,
P009,Greek Yogurt,03/08/2024,191,21.48,30.6,53.7,0,Beverage,14,
P010,Greek Yogurt,03/08/2024,95,40.24,31.6,61.3,7.8,Dairy,4,
P001,Greek Yogurt,04/08/2024,232,18.88,45,88.7,0,Vegetable,7,kg
P002,Greek Yogurt,04/08/2024,119,23.22,47.2,74.6,0,Vegetable,2,kg
P003,Greek Yogurt,04/08/2024,141,25.76,44.6,63.6,0,Vegetable,3,kg
P004,Greek Yogurt,04/08/2024,121,27.86,42.4,87.2,0,Dairy,5,liters
P005,Greek Yogurt,04/08/2024,56,30.03,46,74.5,0,Vegetable,6,kg
P006,Greek Yogurt,04/08/2024,96,33.77,34,68.7,0,Fruit,5,
P007,Greek Yogurt,04/08/2024,147,18.34,32.8,60.7,0,Bakery,2,
P008,Greek Yogurt,04/08/2024,52,94.1,31.4,68.2,0,Meat,3,
P009,Greek Yogurt,04/08/2024,200,21.88,32,50.8,0,Beverage,14,
P010,Greek Yogurt,04/08/2024,131,41.61,32.3,56.4,13.2,Dairy,4,
P001,Greek Yogurt,05/08/2024,121,39.3,46.7,66.8,0,Vegetable,7,kg
P002,Greek Yogurt,05/08/2024,112,36.49,45.4,54.1,0,Vegetable,2,kg
P003,Greek Yogurt,05/08/2024,177,8.76,48,86.4,0,Vegetable,3,kg
P004,Greek Yogurt,05/08/2024,49,28.54,47.6,57.6,0,Dairy,5,liters
P005,Greek Yogurt,05/08/2024,192,36.53,43.4,54.9,0,Vegetable,6,kg
P006,Greek Yogurt,05/08/2024,86,35.41,35.4,70.6,0,Fruit,5,
P007,Greek Yogurt,05/08/2024,120,16.96,32.8,58.9,0,Bakery,2,
P008,Greek Yogurt,05/08/2024,59,93.88,35,70.6,0,Meat,3,
P009,Greek Yogurt,05/08/2024,200,22.17,33.1,47.4,2.8,Beverage,14,
P010,Greek Yogurt,05/08/2024,100,40.8,30.4,56.2,0,Dairy,4,
P001,Greek Yogurt,06/08/2024,160,27.74,46.6,63.6,0,Vegetable,7,kg
P002,Greek Yogurt,06/08/2024,144,41.54,42.9,57.9,0,Vegetable,2,kg
P003,Greek Yogurt,06/08/2024,86,37.32,44.7,50.6,0,Vegetable,3,kg
P004,Greek Yogurt,06/08/2024,138,39.38,43.1,79.6,0,Dairy,5,liters
P005,Greek Yogurt,06/08/2024,107,24.85,48.8,82.5,0,Vegetable,6,kg
P006,Greek Yogurt,06/08/2024,57,36.3,33.4,71.5,0,Fruit,5,
P007,Greek Yogurt,06/08/2024,132,17.42,34.3,52.3,0,Bakery,2,
P008,Greek Yogurt,06/08/2024,68,94.5,36.4,67.7,6.2,Meat,3,
P009,Greek Yogurt,06/08/2024,196,20.47,29.1,51.7,13.6,Beverage,14,
P010,Greek Yogurt,06/08/2024,143,43.22,33,61.4,0,Dairy,4,
P001,Greek Yogurt,07/08/2024,87,2.66,45.4,64.7,0,Vegetable,7,kg
P002,Greek Yogurt,07/08/2024,147,35.01,42.4,83.8,0,Vegetable,2,kg
P003,Greek Yogurt,07/08/2024,130,25.63,42.7,52.2,0,Vegetable,3,kg
P004,Greek Yogurt,07/08/2024,148,39.48,44.5,87,0,Dairy,5,liters
P005,Greek Yogurt,07/08/2024,102,27.96,47.2,83.6,0,Vegetable,6,kg
P006,Greek Yogurt,07/08/2024,92,35.94,34.8,65.3,0,Fruit,5,
P007,Greek Yogurt,07/08/2024,164,18.56,29.2,56.9,11.9,Bakery,2,
P008,Greek Yogurt,07/08/2024,78,97,31.1,74.1,0,Meat,3,
P009,Greek Yogurt,07/08/2024,214,22.07,32.5,50.1,0,Beverage,14,
P010,Greek Yogurt,07/08/2024,137,39.8,32.4,55.7,5.8,Dairy,4,
P001,Greek Yogurt,08/08/2024,96,19.43,43.4,81.4,0,Vegetable,7,kg
P002,Greek Yogurt,08/08/2024,24,25.8,46.9,56.9,0,Vegetable,2,kg
P003,Greek Yogurt,08/08/2024,172,11.63,45.8,57.1,0,Vegetable,3,kg
P004,Greek Yogurt,08/08/2024,156,37.74,46.8,71.3,0,Dairy,5,liters
P005,Greek Yogurt,08/08/2024,117,12.39,44.7,74.5,0,Vegetable,6,kg
P006,Greek Yogurt,08/08/2024,86,35.81,34.3,62.1,0,Fruit,5,
P007,Greek Yogurt,08/08/2024,134,15.45,30.3,50.7,0,Bakery,2,
P008,Greek Yogurt,08/08/2024,30,95.41,32.4,66.2,0,Meat,3,
P009,Greek Yogurt,08/08/2024,202,22.96,30.1,56.8,0,Beverage,14,
P010,Greek Yogurt,08/08/2024,105,44.73,30,56,0,Dairy,4,
P001,Greek Yogurt,09/08/2024,101,29.68,44.6,76.3,1,Vegetable,7,kg
P002,Greek Yogurt,09/08/2024,129,37.86,46.9,56.7,13.2,Vegetable,2,kg
P003,Greek Yogurt,09/08/2024,193,31.9,46,72.8,0,Vegetable,3,kg
P004,Greek Yogurt,09/08/2024,110,21.41,45.5,69.4,0,Dairy,5,liters
P005,Greek Yogurt,09/08/2024,106,22.21,48.1,86.1,0,Vegetable,6,kg
P006,Greek Yogurt,09/08/2024,81,36.32,34.1,63.6,0,Fruit,5,
P007,Greek Yogurt,09/08/2024,140,18.96,30.2,60.2,0,Bakery,2,
P008,Greek Yogurt,09/08/2024,69,95.24,35,73.4,0,Meat,3,
P009,Greek Yogurt,09/08/2024,211,22.34,28,46.6,16.5,Beverage,14,
P010,Greek Yogurt,09/08/2024,108,40.97,32.9,65.5,0,Dairy,4,
P001,Greek Yogurt,10/08/2024,100,14.08,45,74.1,0,Vegetable,7,kg
P002,Greek Yogurt,10/08/2024,195,47.57,42.9,65,0,Vegetable,2,kg
P003,Greek Yogurt,10/08/2024,216,28.74,43.5,87.8,0,Vegetable,3,kg
P004,Greek Yogurt,10/08/2024,115,33.24,45,54.1,0,Dairy,5,liters
P005,Greek Yogurt,10/08/2024,127,12.76,47.9,52,0,Vegetable,6,kg
P006,Greek Yogurt,10/08/2024,121,35.6,29.8,62.6,0,Fruit,5,
P007,Greek Yogurt,10/08/2024,131,17.78,31,61,0,Bakery,2,
P008,Greek Yogurt,10/08/2024,78,93.94,34.6,69.7,0,Meat,3,
P009,Greek Yogurt,10/08/2024,185,22.28,31.2,55.9,0,Beverage,14,
P010,Greek Yogurt,10/08/2024,118,41.53,32.4,56.1,2.4,Dairy,4,
P001,Greek Yogurt,11/08/2024,85,32.55,42.7,78.5,8.1,Vegetable,7,kg
P002,Greek Yogurt,11/08/2024,189,20.56,47.1,71.7,0,Vegetable,2,kg
P003,Greek Yogurt,11/08/2024,181,29.78,46.2,61.9,0,Vegetable,3,kg
P004,Greek Yogurt,11/08/2024,221,23.8,47,74.4,0,Dairy,5,liters
P005,Greek Yogurt,11/08/2024,11,55.11,46.6,88.9,0,Vegetable,6,kg
P006,Greek Yogurt,11/08/2024,90,34.61,34.5,71.4,0,Fruit,5,
P007,Greek Yogurt,11/08/2024,164,17.59,33.2,55.3,3.1,Bakery,2,
P008,Greek Yogurt,11/08/2024,84,95.27,34,75.9,10.2,Meat,3,
P009,Greek Yogurt,11/08/2024,199,22.29,31.1,54.9,0,Beverage,14,
P010,Greek Yogurt,11/08/2024,121,41.19,30.2,61.8,0.5,Dairy,4,
P001,Greek Yogurt,12/08/2024,60,19.85,44.1,53.1,0,Vegetable,7,kg
P002,Greek Yogurt,12/08/2024,128,17.34,43.9,64.4,18.4,Vegetable,2,kg
P003,Greek Yogurt,12/08/2024,123,33.99,45.7,53,0,Vegetable,3,kg
P004,Greek Yogurt,12/08/2024,166,36.71,44.1,73.7,0,Dairy,5,liters
P005,Greek Yogurt,12/08/2024,149,21.34,47.9,51.5,0,Vegetable,6,kg
P006,Greek Yogurt,12/08/2024,82,33.5,31.5,66.9,1.8,Fruit,5,
P007,Greek Yogurt,12/08/2024,150,18.99,29.3,59.8,0,Bakery,2,
P008,Greek Yogurt,12/08/2024,56,96.03,35.9,73.1,3.2,Meat,3,
P009,Greek Yogurt,12/08/2024,211,21.16,30.4,52.9,0,Beverage,14,
P010,Greek Yogurt,12/08/2024,126,40.22,34.3,66.9,0,Dairy,4,
P001,Greek Yogurt,13/08/2024,160,24.42,48.5,69.9,1.5,Vegetable,7,kg
P002,Greek Yogurt,13/08/2024,146,37.75,43.5,59.1,0,Vegetable,2,kg
P003,Greek Yogurt,13/08/2024,92,30.99,42.8,88.4,0,Vegetable,3,kg
P004,Greek Yogurt,13/08/2024,175,16.01,43.8,86.5,0,Dairy,5,liters
P005,Greek Yogurt,13/08/2024,105,43,43.9,56.3,0,Vegetable,6,kg
P006,Greek Yogurt,13/08/2024,96,34.28,34.8,69.6,8.8,Fruit,5,
P007,Greek Yogurt,13/08/2024,151,17.88,29.2,52.3,0,Bakery,2,
P008,Greek Yogurt,13/08/2024,72,95.48,34.1,66.6,0,Meat,3,
P009,Greek Yogurt,13/08/2024,176,23.5,29.1,46.8,0,Beverage,14,
P010,Greek Yogurt,13/08/2024,146,41.39,33.8,63,0,Dairy,4,
P001,Greek Yogurt,14/08/2024,218,21.82,43.9,59.6,0,Vegetable,7,kg
P002,Greek Yogurt,14/08/2024,98,46.32,44.5,85.4,0,Vegetable,2,kg
P003,Greek Yogurt,14/08/2024,151,19.65,42.8,53.5,0,Vegetable,3,kg
P004,Greek Yogurt,14/08/2024,194,51.02,43.3,88.8,4.6,Dairy,5,liters
P005,Greek Yogurt,14/08/2024,129,50.13,47.7,69.5,0,Vegetable,6,kg
P006,Greek Yogurt,14/08/2024,81,33.67,32.8,70.3,0,Fruit,5,
P007,Greek Yogurt,14/08/2024,113,17.86,30.6,59.3,0,Bakery,2,
P008,Greek Yogurt,14/08/2024,60,93.71,31.4,68.3,0,Meat,3,
P009,Greek Yogurt,14/08/2024,188,21.06,33.4,53,0,Beverage,14,
P010,Greek Yogurt,14/08/2024,97,41.2,34.7,63.9,0,Dairy,4,
P001,Greek Yogurt,15/08/2024,174,31.24,43.4,73.3,0,Vegetable,7,kg
P002,Greek Yogurt,15/08/2024,126,17.67,43.7,66.3,0,Vegetable,2,kg
P003,Greek Yogurt,15/08/2024,166,3.96,45.6,54.2,0,Vegetable,3,kg
P004,Greek Yogurt,15/08/2024,112,27.76,45.4,73.7,0,Dairy,5,liters
P005,Greek Yogurt,15/08/2024,100,32.51,43.7,70.4,0,Vegetable,6,kg
P006,Greek Yogurt,15/08/2024,96,33.99,33.9,62.5,1.9,Fruit,5,
P007,Greek Yogurt,15/08/2024,155,17.63,30.8,61.3,0,Bakery,2,
P008,Greek Yogurt,15/08/2024,72,94.01,36,72.3,7.7,Meat,3,
P009,Greek Yogurt,15/08/2024,193,21.58,31.9,48,0,Beverage,14,
P010,Greek Yogurt,15/08/2024,127,41.48,31.7,58.4,0,Dairy,4,
P001,Greek Yogurt,16/08/2024,191,28.43,46.4,82.4,0,Vegetable,7,kg
P002,Greek Yogurt,16/08/2024,103,35.35,45.4,54.3,0,Vegetable,2,kg
P003,Greek Yogurt,16/08/2024,178,44.47,43,85.7,0,Vegetable,3,kg
P004,Greek Yogurt,16/08/2024,192,34.15,46.3,73.1,0,Dairy,5,liters
P005,Greek Yogurt,16/08/2024,94,36.43,47.5,52.4,0,Vegetable,6,kg
P006,Greek Yogurt,16/08/2024,93,35.55,32.6,67.5,0,Fruit,5,
P007,Greek Yogurt,16/08/2024,149,17.35,33.9,57.8,0,Bakery,2,
P008,Greek Yogurt,16/08/2024,53,93.51,31,76,9.1,Meat,3,
P009,Greek Yogurt,16/08/2024,211,21.33,29.3,50.7,0,Beverage,14,
P010,Greek Yogurt,16/08/2024,120,41.94,30.4,61.9,0,Dairy,4,
P001,Greek Yogurt,17/08/2024,126,32.55,43.5,52.5,11.8,Vegetable,7,kg
P002,Greek Yogurt,17/08/2024,90,29.73,44.5,62.7,0,Vegetable,2,kg
P003,Greek Yogurt,17/08/2024,152,14.23,46.8,76.2,6.7,Vegetable,3,kg
P004,Greek Yogurt,17/08/2024,169,30.95,44.8,73,0,Dairy,5,liters
P005,Greek Yogurt,17/08/2024,41,35.06,48.7,83.1,0,Vegetable,6,kg
P006,Greek Yogurt,17/08/2024,123,35.96,33,66.8,0,Fruit,5,
P007,Greek Yogurt,17/08/2024,144,16.87,29.4,54.2,0,Bakery,2,
P008,Greek Yogurt,17/08/2024,46,93.12,31.7,72.7,13.5,Meat,3,
P009,Greek Yogurt,17/08/2024,208,22.03,28.6,46.7,0,Beverage,14,
P010,Greek Yogurt,17/08/2024,133,40.9,32.1,59.8,0,Dairy,4,
P001,Greek Yogurt,18/08/2024,148,21.8,42.8,76,0,Vegetable,7,kg
P002,Greek Yogurt,18/08/2024,201,30.46,44.5,52.1,15.6,Vegetable,2,kg
P003,Greek Yogurt,18/08/2024,190,38.18,45.8,82.7,0,Vegetable,3,kg
P004,Greek Yogurt,18/08/2024,191,30.64,42.8,76.1,0,Dairy,5,liters
P005,Greek Yogurt,18/08/2024,153,20.36,43.3,56.7,0,Vegetable,6,kg
P006,Greek Yogurt,18/08/2024,96,34.46,34.9,65.1,0,Fruit,5,
P007,Greek Yogurt,18/08/2024,144,18.46,33.9,53.3,0,Bakery,2,
P008,Greek Yogurt,18/08/2024,78,92.28,36.4,67.8,0,Meat,3,
P009,Greek Yogurt,18/08/2024,213,19.98,28.7,46.9,0,Beverage,14,
P010,Greek Yogurt,18/08/2024,145,40.74,29.3,62.2,0,Dairy,4,
P001,Greek Yogurt,19/08/2024,205,44.9,46.5,78.5,1.2,Vegetable,7,kg
P002,Greek Yogurt,19/08/2024,60,29.12,44.7,73.3,0,Vegetable,2,kg
P003,Greek Yogurt,19/08/2024,81,23.19,45.8,76.7,0,Vegetable,3,kg
P004,Greek Yogurt,19/08/2024,100,33.98,45.4,79.2,0,Dairy,5,liters
P005,Greek Yogurt,19/08/2024,119,35.99,44.9,68.5,0,Vegetable,6,kg
P006,Greek Yogurt,19/08/2024,66,37.24,31.4,64.5,1.8,Fruit,5,
P007,Greek Yogurt,19/08/2024,178,17.12,32.4,54,4.5,Bakery,2,
P008,Greek Yogurt,19/08/2024,67,95.23,30.7,67.2,0,Meat,3,
P009,Greek Yogurt,19/08/2024,199,23.41,31.2,55.1,0,Beverage,14,
P010,Greek Yogurt,19/08/2024,104,40.67,32.8,58.9,0,Dairy,4,
P001,Greek Yogurt,20/08/2024,58,43.26,44.5,84.2,0,Vegetable,7,kg
P002,Greek Yogurt,20/08/2024,113,40.93,42.1,61.3,0,Vegetable,2,kg
P003,Greek Yogurt,20/08/2024,68,24.05,43.1,57.8,0,Vegetable,3,kg
P004,Greek Yogurt,20/08/2024,203,25.95,45.9,64.3,0,Dairy,5,liters
P005,Greek Yogurt,20/08/2024,180,45.27,47.8,71.9,7.7,Vegetable,6,kg
P006,Greek Yogurt,20/08/2024,78,36.39,30.8,64.4,7.3,Fruit,5,
P007,Greek Yogurt,20/08/2024,104,19.81,31.5,58.2,0,Bakery,2,
P008,Greek Yogurt,20/08/2024,62,94.94,34.2,65.2,0,Meat,3,
P009,Greek Yogurt,20/08/2024,221,24.74,28.8,50.8,0,Beverage,14,
P010,Greek Yogurt,20/08/2024,115,42.9,34.6,61.4,0,Dairy,4,
P001,Greek Yogurt,21/08/2024,121,32.16,46.8,67.3,0,Vegetable,7,kg
P002,Greek Yogurt,21/08/2024,142,8.1,48,71,0,Vegetable,2,kg
P003,Greek Yogurt,21/08/2024,45,35.43,45.1,67.3,1.1,Vegetable,3,kg
P004,Greek Yogurt,21/08/2024,202,41.26,45.9,71.2,16.1,Dairy,5,liters
P005,Greek Yogurt,21/08/2024,28,34.18,45.5,55.7,15.6,Vegetable,6,kg
P006,Greek Yogurt,21/08/2024,79,36.05,32.4,71.1,0,Fruit,5,
P007,Greek Yogurt,21/08/2024,139,17.19,33.9,57.1,0,Bakery,2,
P008,Greek Yogurt,21/08/2024,50,93.96,33.9,66.1,10.4,Meat,3,
P009,Greek Yogurt,21/08/2024,193,23.5,30.7,56,2.2,Beverage,14,
P010,Greek Yogurt,21/08/2024,109,42,32.3,58.1,0,Dairy,4,
P001,Greek Yogurt,22/08/2024,150,29.21,44.8,83.3,0,Vegetable,7,kg
P002,Greek Yogurt,22/08/2024,117,12.29,45.5,63.4,7.1,Vegetable,2,kg
P003,Greek Yogurt,22/08/2024,127,28.12,47.1,80.4,0,Vegetable,3,kg
P004,Greek Yogurt,22/08/2024,79,21.69,43.3,78,0,Dairy,5,liters
P005,Greek Yogurt,22/08/2024,133,33.85,44.9,77.8,0,Vegetable,6,kg
P006,Greek Yogurt,22/08/2024,87,34.03,35,69.6,0,Fruit,5,
P007,Greek Yogurt,22/08/2024,147,17.63,33.4,53.1,0,Bakery,2,
P008,Greek Yogurt,22/08/2024,47,93.91,34.3,67.9,0,Meat,3,
P009,Greek Yogurt,22/08/2024,186,23.23,30.3,46.9,0,Beverage,14,
P010,Greek Yogurt,22/08/2024,119,42.87,33.4,56.8,0,Dairy,4,
P001,Greek Yogurt,23/08/2024,139,51.17,46,54.2,0,Vegetable,7,kg
P002,Greek Yogurt,23/08/2024,98,25.17,43.8,70.5,0,Vegetable,2,kg
P003,Greek Yogurt,23/08/2024,90,25.91,47.2,76.5,15.2,Vegetable,3,kg
P004,Greek Yogurt,23/08/2024,133,15.98,43,66.5,0,Dairy,5,liters
P005,Greek Yogurt,23/08/2024,77,17.16,43.7,71,14.4,Vegetable,6,kg
P006,Greek Yogurt,23/08/2024,93,35.23,30.7,68.5,0,Fruit,5,
P007,Greek Yogurt,23/08/2024,136,16.03,31.8,55.1,0,Bakery,2,
P008,Greek Yogurt,23/08/2024,53,93.2,34.8,70.3,0,Meat,3,
P009,Greek Yogurt,23/08/2024,187,21.78,30,56,7,Beverage,14,
P010,Greek Yogurt,23/08/2024,116,40.99,30.1,62,0,Dairy,4,
P001,Greek Yogurt,24/08/2024,103,23.36,44.7,61.4,0,Vegetable,7,kg
P002,Greek Yogurt,24/08/2024,90,29.4,46.9,57.2,0,Vegetable,2,kg
P003,Greek Yogurt,24/08/2024,173,16.93,45,86.4,0,Vegetable,3,kg
P004,Greek Yogurt,24/08/2024,151,45.31,44.9,89,0,Dairy,5,liters
P005,Greek Yogurt,24/08/2024,135,46.47,43,57.2,0,Vegetable,6,kg
P006,Greek Yogurt,24/08/2024,117,35.25,34.7,65.6,0,Fruit,5,
P007,Greek Yogurt,24/08/2024,145,17.86,29.7,60.7,12.6,Bakery,2,
P008,Greek Yogurt,24/08/2024,62,96.46,36.6,65.2,0,Meat,3,
P009,Greek Yogurt,24/08/2024,180,22.63,31.1,45.5,0,Beverage,14,
P010,Greek Yogurt,24/08/2024,97,40.76,34.8,56.9,0,Dairy,4,
P001,Greek Yogurt,25/08/2024,171,33.48,45,82.4,0,Vegetable,7,kg
P002,Greek Yogurt,25/08/2024,102,34.46,44.6,67.9,0,Vegetable,2,kg
P003,Greek Yogurt,25/08/2024,35,35.82,43.7,50.1,0,Vegetable,3,kg
P004,Greek Yogurt,25/08/2024,266,5.61,42.5,57.4,0,Dairy,5,liters
P005,Greek Yogurt,25/08/2024,105,11.66,43.8,86.7,12.5,Vegetable,6,kg
P006,Greek Yogurt,25/08/2024,60,34.99,31.1,70.9,0,Fruit,5,
P007,Greek Yogurt,25/08/2024,104,18.59,31.9,59.4,6.7,Bakery,2,
P008,Greek Yogurt,25/08/2024,79,96.79,32.6,69.4,0.2,Meat,3,
P009,Greek Yogurt,25/08/2024,226,21.97,31.9,49.8,0,Beverage,14,
P010,Greek Yogurt,25/08/2024,115,43.63,31.2,64.5,0,Dairy,4,
P001,Greek Yogurt,26/08/2024,131,28.39,43.5,73.6,12.7,Vegetable,7,kg
P002,Greek Yogurt,26/08/2024,166,31.43,43.9,64,13.7,Vegetable,2,kg
P003,Greek Yogurt,26/08/2024,128,26.15,48.1,68.4,0,Vegetable,3,kg
P004,Greek Yogurt,26/08/2024,126,27.77,47.9,70.2,0,Dairy,5,liters
P005,Greek Yogurt,26/08/2024,111,35.16,43.9,56.8,0,Vegetable,6,kg
P006,Greek Yogurt,26/08/2024,93,35.01,31.9,68.2,0,Fruit,5,
P007,Greek Yogurt,26/08/2024,145,17.33,34.3,56.1,0,Bakery,2,
P008,Greek Yogurt,26/08/2024,55,96.16,33.5,67.3,11.2,Meat,3,
P009,Greek Yogurt,26/08/2024,210,21.13,31.2,46.7,0,Beverage,14,
P010,Greek Yogurt,26/08/2024,106,39.74,30.1,58,0,Dairy,4,
P001,Greek Yogurt,27/08/2024,162,34.79,46.4,55.6,0,Vegetable,7,kg
P002,Greek Yogurt,27/08/2024,52,28.3,44.1,77.9,0,Vegetable,2,kg
P003,Greek Yogurt,27/08/2024,91,13.07,44.3,89.6,0,Vegetable,3,kg
P004,Greek Yogurt,27/08/2024,159,42.85,43.4,50.1,0,Dairy,5,liters
P005,Greek Yogurt,27/08/2024,196,51.03,43.4,71.2,0,Vegetable,6,kg
P006,Greek Yogurt,27/08/2024,97,34.09,35.3,60.2,0,Fruit,5,
P007,Greek Yogurt,27/08/2024,141,17.65,33.6,54,0,Bakery,2,
P008,Greek Yogurt,27/08/2024,66,94.99,31.4,75.3,0,Meat,3,
P009,Greek Yogurt,27/08/2024,182,23.19,31.2,50.8,0,Beverage,14,
P010,Greek Yogurt,27/08/2024,108,41.24,32.6,62.3,0,Dairy,4,
P001,Greek Yogurt,28/08/2024,113,33.56,47.3,64.7,0,Vegetable,7,kg
P002,Greek Yogurt,28/08/2024,109,23.84,42.5,83.1,0,Vegetable,2,kg
P003,Greek Yogurt,28/08/2024,83,25.34,42.9,88.1,11.2,Vegetable,3,kg
P004,Greek Yogurt,28/08/2024,115,50.66,44,86.7,0,Dairy,5,liters
P005,Greek Yogurt,28/08/2024,95,26.03,46.9,53.4,0,Vegetable,6,kg
P006,Greek Yogurt,28/08/2024,87,34.75,33.6,66.8,0,Fruit,5,
P007,Greek Yogurt,28/08/2024,155,16.09,28.8,60.5,0,Bakery,2,
P008,Greek Yogurt,28/08/2024,57,94.75,35.7,76.9,4.6,Meat,3,
P009,Greek Yogurt,28/08/2024,180,21.71,29.3,47,0,Beverage,14,
P010,Greek Yogurt,28/08/2024,113,41.28,33.7,64.8,0,Dairy,4,
P001,Greek Yogurt,29/08/2024,96,18.05,48,61.6,16.7,Vegetable,7,kg
P002,Greek Yogurt,29/08/2024,115,34.89,45.6,83.5,10.4,Vegetable,2,kg
P003,Greek Yogurt,29/08/2024,93,19.87,43.7,84.1,0,Vegetable,3,kg
P004,Greek Yogurt,29/08/2024,182,25.71,46.9,85.3,0,Dairy,5,liters
P005,Greek Yogurt,29/08/2024,56,27.32,47.2,66.2,0,Vegetable,6,kg
P006,Greek Yogurt,29/08/2024,102,34.2,34.5,63.1,0,Fruit,5,
P007,Greek Yogurt,29/08/2024,146,18.76,31.5,54.9,0,Bakery,2,
P008,Greek Yogurt,29/08/2024,49,96.34,31.7,71.3,0,Meat,3,
P009,Greek Yogurt,29/08/2024,177,20.32,33.1,50.8,9,Beverage,14,
P010,Greek Yogurt,29/08/2024,112,43.24,34.8,65.5,0,Dairy,4,
P001,Greek Yogurt,30/08/2024,182,25.42,43.9,65.5,0,Vegetable,7,kg
P002,Greek Yogurt,30/08/2024,138,22.66,46.8,57.2,0,Vegetable,2,kg
P003,Greek Yogurt,30/08/2024,91,10.86,44.3,51.3,0,Vegetable,3,kg
P004,Greek Yogurt,30/08/2024,155,26.62,42.2,60.1,7.3,Dairy,5,liters
P005,Greek Yogurt,30/08/2024,175,36.62,46.7,67.6,0,Vegetable,6,kg
P006,Greek Yogurt,30/08/2024,93,35.57,34.3,67.3,0,Fruit,5,
P007,Greek Yogurt,30/08/2024,136,18.5,32.7,58.8,0,Bakery,2,
P008,Greek Yogurt,30/08/2024,58,93.97,31.3,75.1,0,Meat,3,
P009,Greek Yogurt,30/08/2024,209,22.49,32.6,51.1,0,Beverage,14,
P010,Greek Yogurt,30/08/2024,108,42.45,30,64.2,0,Dairy,4,
P001,Greek Yogurt,31/08/2024,184,34.01,47.7,85.2,0,Vegetable,7,kg
P002,Greek Yogurt,31/08/2024,171,43.64,46.5,61.9,0,Vegetable,2,kg
P003,Greek Yogurt,31/08/2024,162,18.15,43.1,86.4,0,Vegetable,3,kg
P004,Greek Yogurt,31/08/2024,140,21.87,42.3,67.5,0,Dairy,5,liters
P005,Greek Yogurt,31/08/2024,57,48.57,45.5,52.4,0,Vegetable,6,kg
P006,Greek Yogurt,31/08/2024,86,34.38,33.2,67,0,Fruit,5,
P007,Greek Yogurt,31/08/2024,115,16.99,30.1,58.6,1.8,Bakery,2,
P008,Greek Yogurt,31/08/2024,59,95.97,31.9,69.4,0,Meat,3,
P009,Greek Yogurt,31/08/2024,216,23.51,29.8,48.3,0,Beverage,14,
P010,Greek Yogurt,31/08/2024,105,42.06,33.2,56.2,0,Dairy,4,
P001,Greek Yogurt,01/09/2024,133,22.09,36.6,55.1,0,Vegetable,7,kg
P002,Greek Yogurt,01/09/2024,186,22.94,41.2,50.8,0,Vegetable,2,kg
P003,Greek Yogurt,01/09/2024,112,22.06,36.5,66.3,0,Vegetable,3,kg
P004,Greek Yogurt,01/09/2024,151,24.23,38.1,89.7,0.8,Dairy,5,liters
P005,Greek Yogurt,01/09/2024,135,44.85,37.9,61,4.6,Vegetable,6,kg
P006,Greek Yogurt,01/09/2024,94,35.75,28.7,70.8,0,Fruit,5,
P007,Greek Yogurt,01/09/2024,163,19.11,33.1,51.6,0,Bakery,2,
P008,Greek Yogurt,01/09/2024,82,94,35.3,69.2,0,Meat,3,
P009,Greek Yogurt,01/09/2024,183,21.38,26.4,50.9,0,Beverage,14,
P010,Greek Yogurt,01/09/2024,99,42.39,32.5,63.2,0,Dairy,4,
P001,Greek Yogurt,02/09/2024,133,29.1,36.6,65.5,0,Vegetable,7,kg
P002,Greek Yogurt,02/09/2024,138,39.59,40.8,53.3,0,Vegetable,2,kg
P003,Greek Yogurt,02/09/2024,141,33.58,36.6,63.2,4,Vegetable,3,kg
P004,Greek Yogurt,02/09/2024,187,28.33,36.7,69.5,16,Dairy,5,liters
P005,Greek Yogurt,02/09/2024,109,31.11,40.1,81.9,0,Vegetable,6,kg
P006,Greek Yogurt,02/09/2024,111,34.5,30.1,69.6,4.5,Fruit,5,
P007,Greek Yogurt,02/09/2024,115,16.23,32.5,58.9,0,Bakery,2,
P008,Greek Yogurt,02/09/2024,53,96.09,31.8,65.5,0,Meat,3,
P009,Greek Yogurt,02/09/2024,215,20.35,26.7,50,0,Beverage,14,
P010,Greek Yogurt,02/09/2024,107,42.67,31.8,64.3,0,Dairy,4,
P001,Greek Yogurt,03/09/2024,118,17.63,41.8,85.8,0,Vegetable,7,kg
P002,Greek Yogurt,03/09/2024,231,63.44,40.8,74.2,0,Vegetable,2,kg
P003,Greek Yogurt,03/09/2024,276,34.41,37.2,87,0,Vegetable,3,kg
P004,Greek Yogurt,03/09/2024,141,37.14,39.7,61.5,9.8,Dairy,5,liters
P005,Greek Yogurt,03/09/2024,120,16.47,39.6,72.5,0,Vegetable,6,kg
P006,Greek Yogurt,03/09/2024,92,32.66,31.9,68,0,Fruit,5,
P007,Greek Yogurt,03/09/2024,108,18.84,33,54.2,5.4,Bakery,2,
P008,Greek Yogurt,03/09/2024,67,95.53,31.1,76.5,0,Meat,3,
P009,Greek Yogurt,03/09/2024,186,20.19,29.5,54.2,0,Beverage,14,
P010,Greek Yogurt,03/09/2024,68,43.07,28.2,65.1,0,Dairy,4,
P001,Greek Yogurt,04/09/2024,130,26.72,40.6,54.7,0,Vegetable,7,kg
P002,Greek Yogurt,04/09/2024,102,37.92,40.9,74.2,0,Vegetable,2,kg
P003,Greek Yogurt,04/09/2024,124,20.95,37,72,0,Vegetable,3,kg
P004,Greek Yogurt,04/09/2024,159,26.06,40.2,82.8,0,Dairy,5,liters
P005,Greek Yogurt,04/09/2024,66,40.54,42,78.8,0,Vegetable,6,kg
P006,Greek Yogurt,04/09/2024,98,34.33,31,65.7,2.9,Fruit,5,
P007,Greek Yogurt,04/09/2024,137,17.19,30,55.4,0,Bakery,2,
P008,Greek Yogurt,04/09/2024,62,96.56,29.9,72.6,0,Meat,3,
P009,Greek Yogurt,04/09/2024,220,23.11,31.3,51.7,0,Beverage,14,
P010,Greek Yogurt,04/09/2024,112,42.51,28.4,60.4,0,Dairy,4,
P001,Greek Yogurt,05/09/2024,177,26.57,39.9,84.7,0,Vegetable,7,kg
P002,Greek Yogurt,05/09/2024,37,14.19,39.1,70.1,6.1,Vegetable,2,kg
P003,Greek Yogurt,05/09/2024,69,31.89,40,69.6,0,Vegetable,3,kg
P004,Greek Yogurt,05/09/2024,140,30.04,41.3,69.5,5.5,Dairy,5,liters
P005,Greek Yogurt,05/09/2024,111,43.75,39.1,62.7,0,Vegetable,6,kg
P006,Greek Yogurt,05/09/2024,87,34.27,31.7,71.3,0,Fruit,5,
P007,Greek Yogurt,05/09/2024,140,18.45,29.9,61,0,Bakery,2,
P008,Greek Yogurt,05/09/2024,51,93.9,29.6,74.9,0,Meat,3,
P009,Greek Yogurt,05/09/2024,217,23.61,30.6,49.5,0,Beverage,14,
P010,Greek Yogurt,05/09/2024,102,40.93,29.4,60.5,0,Dairy,4,
P001,Greek Yogurt,06/09/2024,195,26.94,40.2,70.5,15.7,Vegetable,7,kg
P002,Greek Yogurt,06/09/2024,125,20.78,39.9,70.1,0,Vegetable,2,kg
P003,Greek Yogurt,06/09/2024,128,14.3,41.2,65.8,17.9,Vegetable,3,kg
P004,Greek Yogurt,06/09/2024,152,26.84,37.9,85,0,Dairy,5,liters
P005,Greek Yogurt,06/09/2024,57,34.18,39.2,69.2,0,Vegetable,6,kg
P006,Greek Yogurt,06/09/2024,91,33.93,34,67.9,0,Fruit,5,
P007,Greek Yogurt,06/09/2024,168,16.63,32.4,59.6,0,Bakery,2,
P008,Greek Yogurt,06/09/2024,53,94.54,31.4,70.5,3.4,Meat,3,
P009,Greek Yogurt,06/09/2024,191,22.8,27.7,50,0,Beverage,14,
P010,Greek Yogurt,06/09/2024,84,41.24,31.3,58.1,0,Dairy,4,
P001,Greek Yogurt,07/09/2024,214,22.71,37.9,68.7,0,Vegetable,7,kg
P002,Greek Yogurt,07/09/2024,126,44.03,40.4,88,0,Vegetable,2,kg
P003,Greek Yogurt,07/09/2024,106,30.95,41.6,82.7,0,Vegetable,3,kg
P004,Greek Yogurt,07/09/2024,89,30.86,35.9,73.1,0,Dairy,5,liters
P005,Greek Yogurt,07/09/2024,61,34.86,38.1,77.3,0,Vegetable,6,kg
P006,Greek Yogurt,07/09/2024,84,35.26,32.5,69.2,0,Fruit,5,
P007,Greek Yogurt,07/09/2024,146,14.9,28.8,57.6,0,Bakery,2,
P008,Greek Yogurt,07/09/2024,50,96.48,30.7,73.6,0,Meat,3,
P009,Greek Yogurt,07/09/2024,196,21.72,28.8,48.4,0,Beverage,14,
P010,Greek Yogurt,07/09/2024,106,43.02,29.5,60.6,0,Dairy,4,
P001,Greek Yogurt,08/09/2024,140,34.17,37,68.8,0,Vegetable,7,kg
P002,Greek Yogurt,08/09/2024,51,42.88,40.9,75.8,0,Vegetable,2,kg
P003,Greek Yogurt,08/09/2024,161,21.92,41.7,67.6,0,Vegetable,3,kg
P004,Greek Yogurt,08/09/2024,49,21.03,39.2,52,0,Dairy,5,liters
P005,Greek Yogurt,08/09/2024,105,37.23,39.2,57.2,0,Vegetable,6,kg
P006,Greek Yogurt,08/09/2024,75,35.67,30.3,64.3,0,Fruit,5,
P007,Greek Yogurt,08/09/2024,141,17.11,28.7,57.7,0,Bakery,2,
P008,Greek Yogurt,08/09/2024,58,95.92,33.2,68.7,7,Meat,3,
P009,Greek Yogurt,08/09/2024,212,21.01,28.2,47.1,21.7,Beverage,14,
P010,Greek Yogurt,08/09/2024,110,41.54,32.7,64.3,4.4,Dairy,4,
P001,Greek Yogurt,09/09/2024,100,12.32,37.5,81.1,0,Vegetable,7,kg
P002,Greek Yogurt,09/09/2024,218,36.8,37.8,78.2,0,Vegetable,2,kg
P003,Greek Yogurt,09/09/2024,5,22.95,39.8,76.1,0,Vegetable,3,kg
P004,Greek Yogurt,09/09/2024,148,32.92,36.3,83.4,0,Dairy,5,liters
P005,Greek Yogurt,09/09/2024,140,26.8,36.9,82.2,0,Vegetable,6,kg
P006,Greek Yogurt,09/09/2024,99,35.51,32.2,62.4,0,Fruit,5,
P007,Greek Yogurt,09/09/2024,143,15.97,30.9,60.3,0,Bakery,2,
P008,Greek Yogurt,09/09/2024,77,97.38,35.1,68.6,0,Meat,3,
P009,Greek Yogurt,09/09/2024,177,22.29,27.2,50.3,0,Beverage,14,
P010,Greek Yogurt,09/09/2024,108,44.58,33.3,61,0,Dairy,4,
P001,Greek Yogurt,10/09/2024,116,29.25,39.5,84.3,8.1,Vegetable,7,kg
P002,Greek Yogurt,10/09/2024,139,36.59,38.5,60.7,0,Vegetable,2,kg
P003,Greek Yogurt,10/09/2024,138,29.61,36.2,72.9,0,Vegetable,3,kg
P004,Greek Yogurt,10/09/2024,153,33.44,40.2,64,0,Dairy,5,liters
P005,Greek Yogurt,10/09/2024,137,23.48,40.2,52.7,0,Vegetable,6,kg
P006,Greek Yogurt,10/09/2024,76,35.85,29.6,65.5,0,Fruit,5,
P007,Greek Yogurt,10/09/2024,137,17.09,31.7,52.1,4.8,Bakery,2,
P008,Greek Yogurt,10/09/2024,63,94.53,29.3,67.2,0,Meat,3,
P009,Greek Yogurt,10/09/2024,211,21.02,29.1,49.3,0,Beverage,14,
P010,Greek Yogurt,10/09/2024,98,39.5,33.1,60.4,0,Dairy,4,
P001,Greek Yogurt,11/09/2024,103,30.93,41.1,82.7,0,Vegetable,7,kg
P002,Greek Yogurt,11/09/2024,104,26.95,37,68.4,10,Vegetable,2,kg
P003,Greek Yogurt,11/09/2024,138,25.38,36.2,68,0,Vegetable,3,kg
P004,Greek Yogurt,11/09/2024,125,34.12,40.8,52,7.9,Dairy,5,liters
P005,Greek Yogurt,11/09/2024,209,42.78,37.1,51.1,0,Vegetable,6,kg
P006,Greek Yogurt,11/09/2024,90,36.39,30,70.6,0,Fruit,5,
P007,Greek Yogurt,11/09/2024,89,14.88,28.2,54.5,0,Bakery,2,
P008,Greek Yogurt,11/09/2024,48,96.24,32.7,69.5,0,Meat,3,
P009,Greek Yogurt,11/09/2024,228,21.35,28.5,50.5,7.2,Beverage,14,
P010,Greek Yogurt,11/09/2024,145,43.38,28.9,57.8,0,Dairy,4,
P001,Greek Yogurt,12/09/2024,83,23.1,38.9,81.2,0,Vegetable,7,kg
P002,Greek Yogurt,12/09/2024,126,22.55,40.6,64.4,0,Vegetable,2,kg
P003,Greek Yogurt,12/09/2024,137,14.52,36.7,67.8,0,Vegetable,3,kg
P004,Greek Yogurt,12/09/2024,108,28.29,40.3,87.1,0,Dairy,5,liters
P005,Greek Yogurt,12/09/2024,161,28.57,38.2,73.7,0,Vegetable,6,kg
P006,Greek Yogurt,12/09/2024,82,34.83,33.9,63.9,0,Fruit,5,
P007,Greek Yogurt,12/09/2024,135,18.07,29.5,57.2,0,Bakery,2,
P008,Greek Yogurt,12/09/2024,33,94.57,29.3,73,0,Meat,3,
P009,Greek Yogurt,12/09/2024,197,22.37,28.9,54.5,0,Beverage,14,
P010,Greek Yogurt,12/09/2024,104,43.28,29.1,55.3,0,Dairy,4,
P001,Greek Yogurt,13/09/2024,144,28.68,41.4,58.7,0,Vegetable,7,kg
P002,Greek Yogurt,13/09/2024,150,17.63,38.5,85.5,0,Vegetable,2,kg
P003,Greek Yogurt,13/09/2024,118,13.45,36.4,67.7,0,Vegetable,3,kg
P004,Greek Yogurt,13/09/2024,137,38.91,36.5,69,0,Dairy,5,liters
P005,Greek Yogurt,13/09/2024,37,17.07,41.1,58.1,0,Vegetable,6,kg
P006,Greek Yogurt,13/09/2024,99,34.9,32.3,62.7,0,Fruit,5,
P007,Greek Yogurt,13/09/2024,105,18.45,30.1,60.2,0,Bakery,2,
P008,Greek Yogurt,13/09/2024,69,95.65,35,67.5,0,Meat,3,
P009,Greek Yogurt,13/09/2024,196,21,29.1,56.4,0,Beverage,14,
P010,Greek Yogurt,13/09/2024,91,41.52,30.2,60.6,0,Dairy,4,
P001,Greek Yogurt,14/09/2024,140,34.21,40.9,83.7,0,Vegetable,7,kg
P002,Greek Yogurt,14/09/2024,45,25.24,38.6,70.2,10.7,Vegetable,2,kg
P003,Greek Yogurt,14/09/2024,18,47.09,40.6,61.3,8.6,Vegetable,3,kg
P004,Greek Yogurt,14/09/2024,191,33.67,37,71.8,0,Dairy,5,liters
P005,Greek Yogurt,14/09/2024,152,27.35,41.3,58.2,0,Vegetable,6,kg
P006,Greek Yogurt,14/09/2024,48,33.65,33.6,62.3,3.5,Fruit,5,
P007,Greek Yogurt,14/09/2024,134,16.75,30.6,52.9,0,Bakery,2,
P008,Greek Yogurt,14/09/2024,81,96.85,33.4,70.6,0,Meat,3,
P009,Greek Yogurt,14/09/2024,220,20.97,28.9,54.3,0,Beverage,14,
P010,Greek Yogurt,14/09/2024,124,41.99,28.1,63.3,5.1,Dairy,4,
P001,Greek Yogurt,15/09/2024,175,30.57,39.6,85.8,17.4,Vegetable,7,kg
P002,Greek Yogurt,15/09/2024,83,35.27,41.7,59.9,0,Vegetable,2,kg
P003,Greek Yogurt,15/09/2024,114,8.44,39,57.7,0,Vegetable,3,kg
P004,Greek Yogurt,15/09/2024,76,19.65,40.4,57.4,4.9,Dairy,5,liters
P005,Greek Yogurt,15/09/2024,162,30.84,39.3,50.5,16.4,Vegetable,6,kg
P006,Greek Yogurt,15/09/2024,100,33.95,34.2,63.5,0,Fruit,5,
P007,Greek Yogurt,15/09/2024,138,19.13,28.7,52.2,0,Bakery,2,
P008,Greek Yogurt,15/09/2024,56,96.92,31.9,75.5,0,Meat,3,
P009,Greek Yogurt,15/09/2024,205,20.63,31,56.7,0,Beverage,14,
P010,Greek Yogurt,15/09/2024,103,42.69,29.5,64.7,0,Dairy,4,
P001,Greek Yogurt,16/09/2024,146,43.1,40.5,64.8,15.9,Vegetable,7,kg
P002,Greek Yogurt,16/09/2024,165,34.19,38.3,77.4,0,Vegetable,2,kg
P003,Greek Yogurt,16/09/2024,139,31.39,40,66.1,0,Vegetable,3,kg
P004,Greek Yogurt,16/09/2024,146,26.89,40.7,59.9,0,Dairy,5,liters
P005,Greek Yogurt,16/09/2024,102,28.93,38.6,83,0,Vegetable,6,kg
P006,Greek Yogurt,16/09/2024,110,36.2,34.3,70.7,0,Fruit,5,
P007,Greek Yogurt,16/09/2024,150,17.99,28.5,50.4,0,Bakery,2,
P008,Greek Yogurt,16/09/2024,72,94.3,31.9,69.9,0,Meat,3,
P009,Greek Yogurt,16/09/2024,208,22.69,28.9,52.1,0.1,Beverage,14,
P010,Greek Yogurt,16/09/2024,114,40.82,31.9,60.9,12,Dairy,4,
P001,Greek Yogurt,17/09/2024,113,29.62,40.4,76.9,0,Vegetable,7,kg
P002,Greek Yogurt,17/09/2024,73,31.41,39.4,81.1,0,Vegetable,2,kg
P003,Greek Yogurt,17/09/2024,73,43.09,39,83.1,0,Vegetable,3,kg
P004,Greek Yogurt,17/09/2024,227,30.68,36.4,50.1,0,Dairy,5,liters
P005,Greek Yogurt,17/09/2024,138,32.3,39.3,63.4,0,Vegetable,6,kg
P006,Greek Yogurt,17/09/2024,91,35.2,29.8,70.5,7.4,Fruit,5,
P007,Greek Yogurt,17/09/2024,132,17.14,29,54.7,0,Bakery,2,
P008,Greek Yogurt,17/09/2024,43,94.61,33.9,70.8,0,Meat,3,
P009,Greek Yogurt,17/09/2024,190,24.12,29.1,45.3,0,Beverage,14,
P010,Greek Yogurt,17/09/2024,102,43.62,31.9,61.9,0,Dairy,4,
P001,Greek Yogurt,18/09/2024,102,22.41,38.7,81.6,0,Vegetable,7,kg
P002,Greek Yogurt,18/09/2024,141,13.13,36.3,66.3,1.5,Vegetable,2,kg
P003,Greek Yogurt,18/09/2024,138,20.3,39.2,76.8,6.2,Vegetable,3,kg
P004,Greek Yogurt,18/09/2024,132,32.08,37.6,51.1,0,Dairy,5,liters
P005,Greek Yogurt,18/09/2024,18,12.29,38.8,64.6,0,Vegetable,6,kg
P006,Greek Yogurt,18/09/2024,85,35.71,31.1,66.4,7.6,Fruit,5,
P007,Greek Yogurt,18/09/2024,121,16.42,31.3,51.1,0,Bakery,2,
P008,Greek Yogurt,18/09/2024,104,95.49,32.5,70.1,0,Meat,3,
P009,Greek Yogurt,18/09/2024,182,21.95,27.5,47,0,Beverage,14,
P010,Greek Yogurt,18/09/2024,99,43.97,30.1,57.1,0,Dairy,4,
P001,Greek Yogurt,19/09/2024,55,24.92,37.6,83.7,0,Vegetable,7,kg
P002,Greek Yogurt,19/09/2024,102,27.15,35.8,78,0,Vegetable,2,kg
P003,Greek Yogurt,19/09/2024,113,38.54,37.2,83.5,15.9,Vegetable,3,kg
P004,Greek Yogurt,19/09/2024,107,28.18,40.9,86.4,0,Dairy,5,liters
P005,Greek Yogurt,19/09/2024,161,15.76,38.3,55.3,0,Vegetable,6,kg
P006,Greek Yogurt,19/09/2024,94,35.03,30.6,60.3,0,Fruit,5,
P007,Greek Yogurt,19/09/2024,107,18.77,31.8,55.8,0,Bakery,2,
P008,Greek Yogurt,19/09/2024,57,96.29,31.4,73.3,0,Meat,3,
P009,Greek Yogurt,19/09/2024,198,22.58,30.4,47.2,0,Beverage,14,
P010,Greek Yogurt,19/09/2024,134,41.35,30.4,58.4,0,Dairy,4,
P001,Greek Yogurt,20/09/2024,192,13.49,38.3,60.8,0,Vegetable,7,kg
P002,Greek Yogurt,20/09/2024,64,38.55,38.8,64.8,0,Vegetable,2,kg
P003,Greek Yogurt,20/09/2024,104,31.53,38.8,74.9,0,Vegetable,3,kg
P004,Greek Yogurt,20/09/2024,86,11.92,37.7,59.6,0,Dairy,5,liters
P005,Greek Yogurt,20/09/2024,26,22.94,37.7,89.2,0,Vegetable,6,kg
P006,Greek Yogurt,20/09/2024,77,35,28.7,69.8,0,Fruit,5,
P007,Greek Yogurt,20/09/2024,146,18.87,31.7,56.3,0,Bakery,2,
P008,Greek Yogurt,20/09/2024,63,94.16,34.9,70.5,0,Meat,3,
P009,Greek Yogurt,20/09/2024,202,18.49,30.4,56,0,Beverage,14,
P010,Greek Yogurt,20/09/2024,110,41.19,28.2,66.8,0,Dairy,4,
P001,Greek Yogurt,21/09/2024,214,25.4,37.9,53,0,Vegetable,7,kg
P002,Greek Yogurt,21/09/2024,75,10.32,38.6,62.5,15.1,Vegetable,2,kg
P003,Greek Yogurt,21/09/2024,134,23.65,40.6,88,0,Vegetable,3,kg
P004,Greek Yogurt,21/09/2024,188,25.96,38.3,70.9,0,Dairy,5,liters
P005,Greek Yogurt,21/09/2024,158,25.69,38.1,55.2,0,Vegetable,6,kg
P006,Greek Yogurt,21/09/2024,93,35.6,29.9,68.6,0,Fruit,5,
P007,Greek Yogurt,21/09/2024,139,18.83,30.9,57.5,8.2,Bakery,2,
P008,Greek Yogurt,21/09/2024,60,95.48,29.9,68.3,0,Meat,3,
P009,Greek Yogurt,21/09/2024,225,21.55,26.9,49.1,0,Beverage,14,
P010,Greek Yogurt,21/09/2024,152,40.87,33.1,62.5,0,Dairy,4,
P001,Greek Yogurt,22/09/2024,94,38.06,38.6,57.3,0,Vegetable,7,kg
P002,Greek Yogurt,22/09/2024,172,17.86,36.6,57.8,0,Vegetable,2,kg
P003,Greek Yogurt,22/09/2024,119,33.29,37.9,78.9,14.7,Vegetable,3,kg
P004,Greek Yogurt,22/09/2024,126,28.1,38.8,55.8,0,Dairy,5,liters
P005,Greek Yogurt,22/09/2024,215,41.03,41,67.5,13.3,Vegetable,6,kg
P006,Greek Yogurt,22/09/2024,111,34.36,32.4,62.4,0,Fruit,5,
P007,Greek Yogurt,22/09/2024,161,19.75,30.6,54,0,Bakery,2,
P008,Greek Yogurt,22/09/2024,61,93.55,29.9,76.3,0,Meat,3,
P009,Greek Yogurt,22/09/2024,188,20.33,31.8,50.3,0,Beverage,14,
P010,Greek Yogurt,22/09/2024,110,42.04,33.4,56.5,0,Dairy,4,
P001,Greek Yogurt,23/09/2024,84,25.6,41.8,66.6,0,Vegetable,7,kg
P002,Greek Yogurt,23/09/2024,89,18.2,38.6,54,0,Vegetable,2,kg
P003,Greek Yogurt,23/09/2024,133,42.35,36.2,74.5,7.4,Vegetable,3,kg
P004,Greek Yogurt,23/09/2024,121,27.71,35.7,61.6,0,Dairy,5,liters
P005,Greek Yogurt,23/09/2024,119,12.25,38.5,54.9,18.6,Vegetable,6,kg
P006,Greek Yogurt,23/09/2024,109,34.73,33.3,67.5,8.5,Fruit,5,
P007,Greek Yogurt,23/09/2024,125,17.52,30.5,52.1,0,Bakery,2,
P008,Greek Yogurt,23/09/2024,49,94.58,34.5,71.9,3.9,Meat,3,
P009,Greek Yogurt,23/09/2024,192,21.38,29.1,45.3,0,Beverage,14,
P010,Greek Yogurt,23/09/2024,107,41.54,31.9,66.2,0,Dairy,4,
P001,Greek Yogurt,24/09/2024,176,22.48,36.6,58,0,Vegetable,7,kg
P002,Greek Yogurt,24/09/2024,92,44.37,37.9,83.9,0.7,Vegetable,2,kg
P003,Greek Yogurt,24/09/2024,124,24.01,36.2,59,0,Vegetable,3,kg
P004,Greek Yogurt,24/09/2024,182,24.68,40.5,83.9,0,Dairy,5,liters
P005,Greek Yogurt,24/09/2024,137,20.97,39.8,77,0,Vegetable,6,kg
P006,Greek Yogurt,24/09/2024,120,33.42,34.3,62.5,0,Fruit,5,
P007,Greek Yogurt,24/09/2024,152,18.89,32.3,53.1,0,Bakery,2,
P008,Greek Yogurt,24/09/2024,54,93.34,30.5,72.5,1.3,Meat,3,
P009,Greek Yogurt,24/09/2024,215,22.52,26.8,54.9,0,Beverage,14,
P010,Greek Yogurt,24/09/2024,144,40.77,28.8,55.1,0,Dairy,4,
P001,Greek Yogurt,25/09/2024,233,47.45,41.7,61.3,0,Vegetable,7,kg
P002,Greek Yogurt,25/09/2024,125,20.21,40.8,86.8,17.6,Vegetable,2,kg
P003,Greek Yogurt,25/09/2024,190,27.24,36.4,77.5,0,Vegetable,3,kg
P004,Greek Yogurt,25/09/2024,160,28.31,38.1,79.6,0,Dairy,5,liters
P005,Greek Yogurt,25/09/2024,233,33.05,36.9,80.1,0,Vegetable,6,kg
P006,Greek Yogurt,25/09/2024,99,33.98,32.8,62.7,0,Fruit,5,
P007,Greek Yogurt,25/09/2024,118,20.54,31.5,59,2.1,Bakery,2,
P008,Greek Yogurt,25/09/2024,63,96.59,29.3,73,0,Meat,3,
P009,Greek Yogurt,25/09/2024,179,21.14,31.6,54.2,3.7,Beverage,14,
P010,Greek Yogurt,25/09/2024,97,43.15,30.8,57.6,0,Dairy,4,
P001,Greek Yogurt,26/09/2024,108,19.8,39.3,81.1,0,Vegetable,7,kg
P002,Greek Yogurt,26/09/2024,119,32.21,36.4,85,0,Vegetable,2,kg
P003,Greek Yogurt,26/09/2024,74,57.98,39.3,83.4,0,Vegetable,3,kg
P004,Greek Yogurt,26/09/2024,86,41.22,39.2,65.1,0,Dairy,5,liters
P005,Greek Yogurt,26/09/2024,105,41.08,40.1,81.4,0,Vegetable,6,kg
P006,Greek Yogurt,26/09/2024,100,35.8,32.5,61.9,0,Fruit,5,
P007,Greek Yogurt,26/09/2024,151,17.45,28.5,51.4,0,Bakery,2,
P008,Greek Yogurt,26/09/2024,43,94.08,32.6,76.1,0,Meat,3,
P009,Greek Yogurt,26/09/2024,171,22.74,28.3,50.2,0,Beverage,14,
P010,Greek Yogurt,26/09/2024,119,41.08,31.5,60.9,0,Dairy,4,
P001,Greek Yogurt,27/09/2024,120,40.06,39.8,55.1,0,Vegetable,7,kg
P002,Greek Yogurt,27/09/2024,99,19.7,39.6,63.1,15.4,Vegetable,2,kg
P003,Greek Yogurt,27/09/2024,5,46.8,38.7,53.4,0,Vegetable,3,kg
P004,Greek Yogurt,27/09/2024,137,16.29,38.7,88.7,0,Dairy,5,liters
P005,Greek Yogurt,27/09/2024,145,25.1,40.8,78.5,0,Vegetable,6,kg
P006,Greek Yogurt,27/09/2024,98,35.4,32.8,61.5,0,Fruit,5,
P007,Greek Yogurt,27/09/2024,149,17.88,33.3,59.9,0,Bakery,2,
P008,Greek Yogurt,27/09/2024,59,93.39,33,65.9,1.1,Meat,3,
P009,Greek Yogurt,27/09/2024,220,21.8,30,48.7,0,Beverage,14,
P010,Greek Yogurt,27/09/2024,114,42.67,33.6,58.1,10.7,Dairy,4,
P001,Greek Yogurt,28/09/2024,129,9.43,39.9,81.2,0,Vegetable,7,kg
P002,Greek Yogurt,28/09/2024,157,52,36.8,88.4,0,Vegetable,2,kg
P003,Greek Yogurt,28/09/2024,124,35.27,38.5,64.7,0,Vegetable,3,kg
P004,Greek Yogurt,28/09/2024,79,37.07,38.8,55.5,0,Dairy,5,liters
P005,Greek Yogurt,28/09/2024,72,50.87,37.1,87.3,17.1,Vegetable,6,kg
P006,Greek Yogurt,28/09/2024,65,36.57,32.1,63.6,0,Fruit,5,
P007,Greek Yogurt,28/09/2024,130,16.66,27.6,51.1,0,Bakery,2,
P008,Greek Yogurt,28/09/2024,66,92.76,31.9,69,0,Meat,3,
P009,Greek Yogurt,28/09/2024,197,21.54,28.1,45.5,0,Beverage,14,
P010,Greek Yogurt,28/09/2024,92,44.53,30.6,66.5,1.4,Dairy,4,
P001,Greek Yogurt,29/09/2024,60,33.24,39.7,67.1,4.2,Vegetable,7,kg
P002,Greek Yogurt,29/09/2024,150,23.15,39.8,82.6,0,Vegetable,2,kg
P003,Greek Yogurt,29/09/2024,56,35.89,41.4,62.8,11.9,Vegetable,3,kg
P004,Greek Yogurt,29/09/2024,210,61.72,38.6,75.5,0,Dairy,5,liters
P005,Greek Yogurt,29/09/2024,112,28.68,40,65,0,Vegetable,6,kg
P006,Greek Yogurt,29/09/2024,72,33.78,32.3,63.8,0,Fruit,5,
P007,Greek Yogurt,29/09/2024,114,17.48,30.7,51.7,0,Bakery,2,
P008,Greek Yogurt,29/09/2024,65,94.82,32.1,73.6,0,Meat,3,
P009,Greek Yogurt,29/09/2024,183,19.98,32,50.3,0,Beverage,14,
P010,Greek Yogurt,29/09/2024,117,41.97,30.3,61.6,0,Dairy,4,
P001,Greek Yogurt,30/09/2024,197,37.72,42.3,67.8,7.1,Vegetable,7,kg
P002,Greek Yogurt,30/09/2024,154,17.17,41.7,87.7,5.2,Vegetable,2,kg
P003,Greek Yogurt,30/09/2024,82,46.49,41.2,57.5,0,Vegetable,3,kg
P004,Greek Yogurt,30/09/2024,173,35.67,41.2,66.7,0,Dairy,5,liters
P005,Greek Yogurt,30/09/2024,159,22.55,41.6,70.8,0,Vegetable,6,kg
P006,Greek Yogurt,30/09/2024,101,35.15,32.3,67.3,0,Fruit,5,
P007,Greek Yogurt,30/09/2024,102,18.16,29.2,56.6,0,Bakery,2,
P008,Greek Yogurt,30/09/2024,77,95.89,34,65.4,10.9,Meat,3,
P009,Greek Yogurt,30/09/2024,199,22.41,28.8,51.9,6.3,Beverage,14,
P010,Greek Yogurt,30/09/2024,95,42.76,30.5,62.9,0,Dairy,4,
P001,Greek Yogurt,01/10/2024,142,24.74,29,67.7,0,Vegetable,7,kg
P002,Greek Yogurt,01/10/2024,125,33.55,29,52.1,0,Vegetable,2,kg
P003,Greek Yogurt,01/10/2024,160,38.85,28,64.4,0,Vegetable,3,kg
P004,Greek Yogurt,01/10/2024,169,31.01,28.8,62.4,15.9,Dairy,5,liters
P005,Greek Yogurt,01/10/2024,77,31.94,29.8,71.8,0,Vegetable,6,kg
P006,Greek Yogurt,01/10/2024,90,33.64,30.9,60.5,0,Fruit,5,
P007,Greek Yogurt,01/10/2024,129,16.45,30.5,50.9,0,Bakery,2,
P008,Greek Yogurt,01/10/2024,67,95.13,28.9,70.7,0,Meat,3,
P009,Greek Yogurt,01/10/2024,189,22.52,29.1,45.6,19,Beverage,14,
P010,Greek Yogurt,01/10/2024,89,41.91,28.5,64,0,Dairy,4,
P001,Greek Yogurt,02/10/2024,139,36.17,32.2,50.8,1.9,Vegetable,7,kg
P002,Greek Yogurt,02/10/2024,179,18.03,29.3,78,0,Vegetable,2,kg
P003,Greek Yogurt,02/10/2024,160,27.86,31.7,60.8,0,Vegetable,3,kg
P004,Greek Yogurt,02/10/2024,64,37.35,28.4,82.5,0,Dairy,5,liters
P005,Greek Yogurt,02/10/2024,117,17.7,27.5,70.7,0,Vegetable,6,kg
P006,Greek Yogurt,02/10/2024,91,36,27.8,65.1,0,Fruit,5,
P007,Greek Yogurt,02/10/2024,167,19.26,28.5,54.5,0.1,Bakery,2,
P008,Greek Yogurt,02/10/2024,79,95.91,32.2,75,13.3,Meat,3,
P009,Greek Yogurt,02/10/2024,168,23.67,26.2,54.9,0,Beverage,14,
P010,Greek Yogurt,02/10/2024,119,42.63,26.9,63,0,Dairy,4,
P001,Greek Yogurt,03/10/2024,172,34.67,33.1,67.5,18,Vegetable,7,kg
P002,Greek Yogurt,03/10/2024,177,34.42,31.6,56.6,0,Vegetable,2,kg
P003,Greek Yogurt,03/10/2024,61,8.15,31.5,58.4,0,Vegetable,3,kg
P004,Greek Yogurt,03/10/2024,188,27.83,27.6,70.5,1.8,Dairy,5,liters
P005,Greek Yogurt,03/10/2024,116,25.45,29.6,66.7,0,Vegetable,6,kg
P006,Greek Yogurt,03/10/2024,87,34.81,31.5,68.6,5.3,Fruit,5,
P007,Greek Yogurt,03/10/2024,148,16.33,29.5,51.6,11.8,Bakery,2,
P008,Greek Yogurt,03/10/2024,77,97.78,33.2,76.5,0,Meat,3,
P009,Greek Yogurt,03/10/2024,166,22.32,29.3,47.3,0,Beverage,14,
P010,Greek Yogurt,03/10/2024,134,42.42,29,58.9,0,Dairy,4,
P001,Greek Yogurt,04/10/2024,94,12.89,33.8,72.5,0,Vegetable,7,kg
P002,Greek Yogurt,04/10/2024,123,8.69,31.9,83.5,0,Vegetable,2,kg
P003,Greek Yogurt,04/10/2024,152,11.62,27.7,85,0,Vegetable,3,kg
P004,Greek Yogurt,04/10/2024,47,18.35,27.9,54.3,0,Dairy,5,liters
P005,Greek Yogurt,04/10/2024,72,34.86,29,57.3,0,Vegetable,6,kg
P006,Greek Yogurt,04/10/2024,41,34.61,31.5,68.6,0,Fruit,5,
P007,Greek Yogurt,04/10/2024,159,15.79,27,52.9,0,Bakery,2,
P008,Greek Yogurt,04/10/2024,76,95.84,29.6,72.8,0,Meat,3,
P009,Greek Yogurt,04/10/2024,179,22.73,25.2,54.9,0,Beverage,14,
P010,Greek Yogurt,04/10/2024,106,42.79,27.5,57,0,Dairy,4,
P001,Greek Yogurt,05/10/2024,106,22.63,31.9,81.7,0,Vegetable,7,kg
P002,Greek Yogurt,05/10/2024,199,19.06,33,71.1,19,Vegetable,2,kg
P003,Greek Yogurt,05/10/2024,62,23.09,28.2,63.1,0.9,Vegetable,3,kg
P004,Greek Yogurt,05/10/2024,152,42.06,27.7,87.3,0,Dairy,5,liters
P005,Greek Yogurt,05/10/2024,78,30.34,31.1,60.6,0,Vegetable,6,kg
P006,Greek Yogurt,05/10/2024,98,36.24,31.7,62.5,0,Fruit,5,
P007,Greek Yogurt,05/10/2024,123,20.87,30.8,51.6,0,Bakery,2,
P008,Greek Yogurt,05/10/2024,64,96.32,31.2,73.8,0,Meat,3,
P009,Greek Yogurt,05/10/2024,240,22.35,24.9,51,0,Beverage,14,
P010,Greek Yogurt,05/10/2024,119,40.42,30.5,56,11,Dairy,4,
P001,Greek Yogurt,06/10/2024,133,31.22,32.2,65.9,3.5,Vegetable,7,kg
P002,Greek Yogurt,06/10/2024,131,27.6,32.3,85.6,0,Vegetable,2,kg
P003,Greek Yogurt,06/10/2024,95,30,30.3,79.2,0,Vegetable,3,kg
P004,Greek Yogurt,06/10/2024,133,8.65,26.5,63,0,Dairy,5,liters
P005,Greek Yogurt,06/10/2024,67,19.19,31.8,76.5,0,Vegetable,6,kg
P006,Greek Yogurt,06/10/2024,81,36.78,30.5,64.6,0,Fruit,5,
P007,Greek Yogurt,06/10/2024,132,18.69,27.4,55.4,0,Bakery,2,
P008,Greek Yogurt,06/10/2024,59,95.28,30.2,66.2,0,Meat,3,
P009,Greek Yogurt,06/10/2024,218,22.45,30.2,49.2,21.8,Beverage,14,
P010,Greek Yogurt,06/10/2024,111,42.31,27.3,55.4,4.8,Dairy,4,
P001,Greek Yogurt,07/10/2024,224,23.15,32.2,81.5,16.9,Vegetable,7,kg
P002,Greek Yogurt,07/10/2024,109,38.89,29.4,73.8,0,Vegetable,2,kg
P003,Greek Yogurt,07/10/2024,179,33.44,32.3,88.6,0,Vegetable,3,kg
P004,Greek Yogurt,07/10/2024,101,48.06,26.9,81.6,17.4,Dairy,5,liters
P005,Greek Yogurt,07/10/2024,122,25.37,32,59.4,0,Vegetable,6,kg
P006,Greek Yogurt,07/10/2024,93,32.11,26.9,64.2,0,Fruit,5,
P007,Greek Yogurt,07/10/2024,111,17.13,26,54.1,0,Bakery,2,
P008,Greek Yogurt,07/10/2024,58,95.41,32.7,66.6,0,Meat,3,
P009,Greek Yogurt,07/10/2024,182,20.22,27.4,49.7,0,Beverage,14,
P010,Greek Yogurt,07/10/2024,83,43.35,30,65.4,0,Dairy,4,
P001,Greek Yogurt,08/10/2024,126,37.08,31.6,80.2,5.4,Vegetable,7,kg
P002,Greek Yogurt,08/10/2024,92,19.76,32.8,58.9,0,Vegetable,2,kg
P003,Greek Yogurt,08/10/2024,134,22.13,27.5,73.3,0,Vegetable,3,kg
P004,Greek Yogurt,08/10/2024,87,30.92,27.5,69.7,0,Dairy,5,liters
P005,Greek Yogurt,08/10/2024,62,33.55,32.9,68.9,0,Vegetable,6,kg
P006,Greek Yogurt,08/10/2024,72,34.76,26.6,69.6,0,Fruit,5,
P007,Greek Yogurt,08/10/2024,130,17.5,29.4,55.4,0,Bakery,2,
P008,Greek Yogurt,08/10/2024,40,94.19,30.3,69.5,0,Meat,3,
P009,Greek Yogurt,08/10/2024,195,21.79,27.3,46.6,0,Beverage,14,
P010,Greek Yogurt,08/10/2024,113,43.47,27.2,57.5,0,Dairy,4,
P001,Greek Yogurt,09/10/2024,37,14.17,29.4,89.8,0,Vegetable,7,kg
P002,Greek Yogurt,09/10/2024,146,36.68,28.2,79.8,0,Vegetable,2,kg
P003,Greek Yogurt,09/10/2024,126,24.44,28.7,51,0,Vegetable,3,kg
P004,Greek Yogurt,09/10/2024,105,39.69,29.7,75.8,0,Dairy,5,liters
P005,Greek Yogurt,09/10/2024,101,38.08,29.6,50.1,0,Vegetable,6,kg
P006,Greek Yogurt,09/10/2024,87,34.96,27.4,71.4,0,Fruit,5,
P007,Greek Yogurt,09/10/2024,168,18.1,27.8,61.1,8.3,Bakery,2,
P008,Greek Yogurt,09/10/2024,66,95.35,31.9,71.8,0,Meat,3,
P009,Greek Yogurt,09/10/2024,197,21.16,24.7,56.1,0,Beverage,14,
P010,Greek Yogurt,09/10/2024,103,42.42,29.9,66.7,8.8,Dairy,4,
P001,Greek Yogurt,10/10/2024,133,48.95,27.9,74.6,0,Vegetable,7,kg
P002,Greek Yogurt,10/10/2024,89,23.6,32.9,64.9,0,Vegetable,2,kg
P003,Greek Yogurt,10/10/2024,39,24.09,32.7,81.5,0,Vegetable,3,kg
P004,Greek Yogurt,10/10/2024,174,38.68,27.9,59.5,0,Dairy,5,liters
P005,Greek Yogurt,10/10/2024,113,34,29.6,78.2,0,Vegetable,6,kg
P006,Greek Yogurt,10/10/2024,99,33.75,31.5,65,0,Fruit,5,
P007,Greek Yogurt,10/10/2024,141,19.08,28.3,51.8,12.7,Bakery,2,
P008,Greek Yogurt,10/10/2024,48,94.53,29.2,70,6.5,Meat,3,
P009,Greek Yogurt,10/10/2024,211,21.99,29.7,56,0,Beverage,14,
P010,Greek Yogurt,10/10/2024,107,42.19,26.3,66.3,0,Dairy,4,
P001,Greek Yogurt,11/10/2024,129,51.6,31.6,54.5,7.5,Vegetable,7,kg
P002,Greek Yogurt,11/10/2024,119,26.19,29.2,75.3,0,Vegetable,2,kg
P003,Greek Yogurt,11/10/2024,176,37.53,31,50.9,0,Vegetable,3,kg
P004,Greek Yogurt,11/10/2024,204,31.05,30.7,80.4,7.9,Dairy,5,liters
P005,Greek Yogurt,11/10/2024,44,34.69,28.2,64.5,0,Vegetable,6,kg
P006,Greek Yogurt,11/10/2024,112,34.92,28.2,61,0,Fruit,5,
P007,Greek Yogurt,11/10/2024,148,17.01,28.2,59.2,0,Bakery,2,
P008,Greek Yogurt,11/10/2024,74,94.8,30.2,70,0,Meat,3,
P009,Greek Yogurt,11/10/2024,205,19.96,28,54.8,0,Beverage,14,
P010,Greek Yogurt,11/10/2024,126,41.22,29.9,62.6,0,Dairy,4,
P001,Greek Yogurt,12/10/2024,170,44.07,32.9,64,0,Vegetable,7,kg
P002,Greek Yogurt,12/10/2024,108,6.74,32,83.4,7.8,Vegetable,2,kg
P003,Greek Yogurt,12/10/2024,9,43.5,29.6,52.1,0,Vegetable,3,kg
P004,Greek Yogurt,12/10/2024,119,32.17,26.4,69.9,0,Dairy,5,liters
P005,Greek Yogurt,12/10/2024,227,28.9,33.1,89.1,0,Vegetable,6,kg
P006,Greek Yogurt,12/10/2024,98,34.79,28.6,62.1,9.1,Fruit,5,
P007,Greek Yogurt,12/10/2024,157,19.02,30,51.8,0,Bakery,2,
P008,Greek Yogurt,12/10/2024,52,95.89,32.2,73.4,0,Meat,3,
P009,Greek Yogurt,12/10/2024,206,21.84,30.4,52.5,0,Beverage,14,
P010,Greek Yogurt,12/10/2024,110,43.79,31.1,60.2,0,Dairy,4,
P001,Greek Yogurt,13/10/2024,131,14.24,29.3,72.6,0,Vegetable,7,kg
P002,Greek Yogurt,13/10/2024,114,32.89,29.3,66.9,0,Vegetable,2,kg
P003,Greek Yogurt,13/10/2024,90,29.41,29.3,58,0,Vegetable,3,kg
P004,Greek Yogurt,13/10/2024,118,33.58,30.1,83.7,0,Dairy,5,liters
P005,Greek Yogurt,13/10/2024,119,20.53,32.4,57,0,Vegetable,6,kg
P006,Greek Yogurt,13/10/2024,106,33.74,32.1,70.3,0,Fruit,5,
P007,Greek Yogurt,13/10/2024,145,17.98,27.5,61.2,0,Bakery,2,
P008,Greek Yogurt,13/10/2024,39,94.53,30,67.6,0.5,Meat,3,
P009,Greek Yogurt,13/10/2024,207,21.62,27.2,45.5,0,Beverage,14,
P010,Greek Yogurt,13/10/2024,91,43.03,27,59.6,0,Dairy,4,
P001,Greek Yogurt,14/10/2024,170,18.57,33.5,71.8,0,Vegetable,7,kg
P002,Greek Yogurt,14/10/2024,106,26.82,31.4,79,0,Vegetable,2,kg
P003,Greek Yogurt,14/10/2024,228,47.1,27.9,71.5,0,Vegetable,3,kg
P004,Greek Yogurt,14/10/2024,84,39.36,31.9,67,4.4,Dairy,5,liters
P005,Greek Yogurt,14/10/2024,52,19.59,30.8,75.9,0,Vegetable,6,kg
P006,Greek Yogurt,14/10/2024,83,34.48,27.7,72,0,Fruit,5,
P007,Greek Yogurt,14/10/2024,133,18.32,27.4,57.3,0,Bakery,2,
P008,Greek Yogurt,14/10/2024,38,94.49,32.8,73.7,8.1,Meat,3,
P009,Greek Yogurt,14/10/2024,192,19.66,29.5,56.5,0,Beverage,14,
P010,Greek Yogurt,14/10/2024,132,42.81,29.6,65.5,0,Dairy,4,
P001,Greek Yogurt,15/10/2024,151,44.09,30.3,53.4,0,Vegetable,7,kg
P002,Greek Yogurt,15/10/2024,162,37.29,32.1,83.8,0,Vegetable,2,kg
P003,Greek Yogurt,15/10/2024,19,25.58,31.4,69.5,0,Vegetable,3,kg
P004,Greek Yogurt,15/10/2024,176,47.72,27.3,75,0,Dairy,5,liters
P005,Greek Yogurt,15/10/2024,116,29.09,32.8,51.5,0,Vegetable,6,kg
P006,Greek Yogurt,15/10/2024,88,35,30,60.8,0,Fruit,5,
P007,Greek Yogurt,15/10/2024,143,14.92,28.6,57.6,0,Bakery,2,
P008,Greek Yogurt,15/10/2024,46,94.54,31.9,73.9,0,Meat,3,
P009,Greek Yogurt,15/10/2024,188,22.25,25.2,47.6,0,Beverage,14,
P010,Greek Yogurt,15/10/2024,138,40.48,30.5,56.7,7.3,Dairy,4,
P001,Greek Yogurt,16/10/2024,158,31.02,29.4,70.6,0,Vegetable,7,kg
P002,Greek Yogurt,16/10/2024,120,26.41,32.2,54.3,0,Vegetable,2,kg
P003,Greek Yogurt,16/10/2024,136,32.5,30.8,57,0,Vegetable,3,kg
P004,Greek Yogurt,16/10/2024,145,29.72,29.6,74.4,0,Dairy,5,liters
P005,Greek Yogurt,16/10/2024,142,25.11,31.1,50.8,0,Vegetable,6,kg
P006,Greek Yogurt,16/10/2024,82,34.29,29.5,71.2,0,Fruit,5,
P007,Greek Yogurt,16/10/2024,112,17.91,30.7,60.5,0,Bakery,2,
P008,Greek Yogurt,16/10/2024,51,94.39,27.9,65.4,3.9,Meat,3,
P009,Greek Yogurt,16/10/2024,234,22.46,28.8,52.2,0,Beverage,14,
P010,Greek Yogurt,16/10/2024,94,40.88,27.9,61.1,0,Dairy,4,
P001,Greek Yogurt,17/10/2024,104,17.15,31.1,79.8,0,Vegetable,7,kg
P002,Greek Yogurt,17/10/2024,103,37.13,27.4,87.3,0,Vegetable,2,kg
P003,Greek Yogurt,17/10/2024,206,16.77,29.4,71.9,0,Vegetable,3,kg
P004,Greek Yogurt,17/10/2024,135,22.71,31,57,1.7,Dairy,5,liters
P005,Greek Yogurt,17/10/2024,13,14.71,27.9,75,0,Vegetable,6,kg
P006,Greek Yogurt,17/10/2024,81,36.37,28.8,67.6,0,Fruit,5,
P007,Greek Yogurt,17/10/2024,145,17.15,25.7,57.3,0,Bakery,2,
P008,Greek Yogurt,17/10/2024,57,94.65,33.2,66.3,3.1,Meat,3,
P009,Greek Yogurt,17/10/2024,214,20.57,28.9,51,0,Beverage,14,
P010,Greek Yogurt,17/10/2024,124,43.64,29.3,65.6,0,Dairy,4,
P001,Greek Yogurt,18/10/2024,121,36.75,29.7,57.6,0,Vegetable,7,kg
P002,Greek Yogurt,18/10/2024,144,33.5,32,83.1,0,Vegetable,2,kg
P003,Greek Yogurt,18/10/2024,164,39.87,31.6,83,1.5,Vegetable,3,kg
P004,Greek Yogurt,18/10/2024,211,36.65,31.9,64.8,18.5,Dairy,5,liters
P005,Greek Yogurt,18/10/2024,137,24.25,31.1,59.1,0,Vegetable,6,kg
P006,Greek Yogurt,18/10/2024,103,33.98,27.5,64.9,0,Fruit,5,
P007,Greek Yogurt,18/10/2024,142,18.11,30.1,55,0,Bakery,2,
P008,Greek Yogurt,18/10/2024,47,96.46,29.7,76.2,0,Meat,3,
P009,Greek Yogurt,18/10/2024,213,21.41,28.8,53.9,0,Beverage,14,
P010,Greek Yogurt,18/10/2024,111,40.82,30.6,66.9,0,Dairy,4,
P001,Greek Yogurt,19/10/2024,158,22.79,28.4,84.1,0,Vegetable,7,kg
P002,Greek Yogurt,19/10/2024,174,31.79,28.4,65.6,0,Vegetable,2,kg
P003,Greek Yogurt,19/10/2024,121,22.2,29.2,70.1,6.2,Vegetable,3,kg
P004,Greek Yogurt,19/10/2024,73,49.47,27.1,60.3,0,Dairy,5,liters
P005,Greek Yogurt,19/10/2024,198,39.39,28.4,75,0,Vegetable,6,kg
P006,Greek Yogurt,19/10/2024,67,34.92,32,62.3,0,Fruit,5,
P007,Greek Yogurt,19/10/2024,137,18.95,29.7,59.3,5.8,Bakery,2,
P008,Greek Yogurt,19/10/2024,60,93.61,29,72.5,0,Meat,3,
P009,Greek Yogurt,19/10/2024,171,22.28,26.4,55.3,0,Beverage,14,
P010,Greek Yogurt,19/10/2024,111,40.93,27,58,0,Dairy,4,
P001,Greek Yogurt,20/10/2024,102,20.07,30.1,75.9,6,Vegetable,7,kg
P002,Greek Yogurt,20/10/2024,123,49.53,27.3,63.2,11.5,Vegetable,2,kg
P003,Greek Yogurt,20/10/2024,124,30.17,32.1,88.2,0,Vegetable,3,kg
P004,Greek Yogurt,20/10/2024,189,21.5,32.2,57.7,0,Dairy,5,liters
P005,Greek Yogurt,20/10/2024,100,20.42,30.1,68.8,0,Vegetable,6,kg
P006,Greek Yogurt,20/10/2024,88,34.33,26.7,66,0,Fruit,5,
P007,Greek Yogurt,20/10/2024,120,19.46,30.8,59.9,0,Bakery,2,
P008,Greek Yogurt,20/10/2024,55,95.99,30,68.7,0,Meat,3,
P009,Greek Yogurt,20/10/2024,210,21.02,25.9,48.8,0,Beverage,14,
P010,Greek Yogurt,20/10/2024,111,41.23,31.8,64.2,0,Dairy,4,
P001,Greek Yogurt,21/10/2024,59,31.44,29.4,69,0,Vegetable,7,kg
P002,Greek Yogurt,21/10/2024,118,40.72,29.6,75.3,0,Vegetable,2,kg
P003,Greek Yogurt,21/10/2024,23,35.35,28.5,66.3,0,Vegetable,3,kg
P004,Greek Yogurt,21/10/2024,135,18.38,27.4,85,0,Dairy,5,liters
P005,Greek Yogurt,21/10/2024,79,25.97,30.7,61.1,13.7,Vegetable,6,kg
P006,Greek Yogurt,21/10/2024,106,35.57,30.8,68.9,0,Fruit,5,
P007,Greek Yogurt,21/10/2024,146,18.58,26.9,59.4,0,Bakery,2,
P008,Greek Yogurt,21/10/2024,39,95.19,31.7,65.8,5.9,Meat,3,
P009,Greek Yogurt,21/10/2024,204,19.85,25.2,51.2,0,Beverage,14,
P010,Greek Yogurt,21/10/2024,127,42.85,28.2,66.9,0,Dairy,4,
P001,Greek Yogurt,22/10/2024,129,27.16,33.7,82.6,0,Vegetable,7,kg
P002,Greek Yogurt,22/10/2024,205,23.66,28.6,53.8,0,Vegetable,2,kg
P003,Greek Yogurt,22/10/2024,173,25.36,27.2,52,0,Vegetable,3,kg
P004,Greek Yogurt,22/10/2024,219,31.51,32,54.5,2.5,Dairy,5,liters
P005,Greek Yogurt,22/10/2024,98,24.57,32.6,67.3,0,Vegetable,6,kg
P006,Greek Yogurt,22/10/2024,90,34.18,32.1,65.2,0,Fruit,5,
P007,Greek Yogurt,22/10/2024,113,20.54,26.6,52,0,Bakery,2,
P008,Greek Yogurt,22/10/2024,63,94.8,28.1,66,0,Meat,3,
P009,Greek Yogurt,22/10/2024,187,22.13,27,46.8,3.6,Beverage,14,
P010,Greek Yogurt,22/10/2024,110,41.2,26.7,55.6,0,Dairy,4,
P001,Greek Yogurt,23/10/2024,92,56.5,33.3,54.7,0.8,Vegetable,7,kg
P002,Greek Yogurt,23/10/2024,103,13.76,28.3,56.8,0,Vegetable,2,kg
P003,Greek Yogurt,23/10/2024,193,44.17,30.4,87.6,0,Vegetable,3,kg
P004,Greek Yogurt,23/10/2024,136,23.62,30.1,67.5,0,Dairy,5,liters
P005,Greek Yogurt,23/10/2024,105,37.02,30.4,89.6,0,Vegetable,6,kg
P006,Greek Yogurt,23/10/2024,89,35.07,28.3,69.1,0,Fruit,5,
P007,Greek Yogurt,23/10/2024,166,18.56,29.3,60.7,0,Bakery,2,
P008,Greek Yogurt,23/10/2024,62,92.93,32.6,67,0,Meat,3,
P009,Greek Yogurt,23/10/2024,222,20.98,29.2,46.9,11.3,Beverage,14,
P010,Greek Yogurt,23/10/2024,90,42.37,31.2,65.9,0,Dairy,4,
P001,Greek Yogurt,24/10/2024,172,33.66,33,59.4,0,Vegetable,7,kg
P002,Greek Yogurt,24/10/2024,202,12.16,31.5,78.5,0,Vegetable,2,kg
P003,Greek Yogurt,24/10/2024,110,33.1,32.7,78,0,Vegetable,3,kg
P004,Greek Yogurt,24/10/2024,162,25.83,29,50.2,0,Dairy,5,liters
P005,Greek Yogurt,24/10/2024,125,27.89,32.2,87.7,0,Vegetable,6,kg
P006,Greek Yogurt,24/10/2024,82,33.09,29.7,69.3,0,Fruit,5,
P007,Greek Yogurt,24/10/2024,141,18.58,28.1,52,0,Bakery,2,
P008,Greek Yogurt,24/10/2024,64,96.93,28.6,73.5,0,Meat,3,
P009,Greek Yogurt,24/10/2024,195,23.58,25,45.3,0,Beverage,14,
P010,Greek Yogurt,24/10/2024,119,42.87,29.6,64.6,0,Dairy,4,
P001,Greek Yogurt,25/10/2024,103,47.06,33.5,58.5,0,Vegetable,7,kg
P002,Greek Yogurt,25/10/2024,82,37.29,28.9,71.3,6.4,Vegetable,2,kg
P003,Greek Yogurt,25/10/2024,168,13.14,31.6,63.9,0,Vegetable,3,kg
P004,Greek Yogurt,25/10/2024,151,39.02,26.7,66.6,0,Dairy,5,liters
P005,Greek Yogurt,25/10/2024,192,24.2,32.8,78.9,0,Vegetable,6,kg
P006,Greek Yogurt,25/10/2024,78,35.47,29.8,65.2,0,Fruit,5,
P007,Greek Yogurt,25/10/2024,130,17.38,25.9,58.5,5.3,Bakery,2,
P008,Greek Yogurt,25/10/2024,73,96.6,28.3,73.5,0,Meat,3,
P009,Greek Yogurt,25/10/2024,203,21.48,27.4,48.8,0,Beverage,14,
P010,Greek Yogurt,25/10/2024,118,43.54,29.7,61.9,0,Dairy,4,
P001,Greek Yogurt,26/10/2024,143,30.83,33.3,50.8,0,Vegetable,7,kg
P002,Greek Yogurt,26/10/2024,123,36.24,29.7,53.7,0,Vegetable,2,kg
P003,Greek Yogurt,26/10/2024,76,36.37,33,58.6,0,Vegetable,3,kg
P004,Greek Yogurt,26/10/2024,91,22.6,29,71.2,0,Dairy,5,liters
P005,Greek Yogurt,26/10/2024,108,32.8,31.7,66.7,0,Vegetable,6,kg
P006,Greek Yogurt,26/10/2024,76,36.65,30.7,69.5,5.2,Fruit,5,
P007,Greek Yogurt,26/10/2024,111,18.64,30.3,59.5,0,Bakery,2,
P008,Greek Yogurt,26/10/2024,51,93.77,32.2,65.5,8.3,Meat,3,
P009,Greek Yogurt,26/10/2024,207,21.88,25.4,55.2,14,Beverage,14,
P010,Greek Yogurt,26/10/2024,108,40.55,26.4,63.6,6.5,Dairy,4,
P001,Greek Yogurt,27/10/2024,146,17.87,29.3,67.9,8.7,Vegetable,7,kg
P002,Greek Yogurt,27/10/2024,198,27.81,28.1,80.8,0,Vegetable,2,kg
P003,Greek Yogurt,27/10/2024,20,28.01,31.3,84.8,0,Vegetable,3,kg
P004,Greek Yogurt,27/10/2024,186,38.12,28.1,77.8,0,Dairy,5,liters
P005,Greek Yogurt,27/10/2024,185,13.93,32.5,83.5,0,Vegetable,6,kg
P006,Greek Yogurt,27/10/2024,99,36.2,27.4,68.9,0,Fruit,5,
P007,Greek Yogurt,27/10/2024,120,17.55,30.1,57.4,0,Bakery,2,
P008,Greek Yogurt,27/10/2024,42,94.7,31.9,65.4,0,Meat,3,
P009,Greek Yogurt,27/10/2024,179,22.64,28.3,52.6,0,Beverage,14,
P010,Greek Yogurt,27/10/2024,132,43.64,27.1,58.9,0,Dairy,4,
P001,Greek Yogurt,28/10/2024,103,32.97,29,52,0,Vegetable,7,kg
P002,Greek Yogurt,28/10/2024,143,34.65,29.9,53.1,0,Vegetable,2,kg
P003,Greek Yogurt,28/10/2024,62,24.91,32.6,72.8,2.7,Vegetable,3,kg
P004,Greek Yogurt,28/10/2024,144,39.9,29.1,65.4,0,Dairy,5,liters
P005,Greek Yogurt,28/10/2024,110,28.71,29.9,52.1,0,Vegetable,6,kg
P006,Greek Yogurt,28/10/2024,67,34.91,30,64.3,9,Fruit,5,
P007,Greek Yogurt,28/10/2024,130,19.37,28.7,55.3,2,Bakery,2,
P008,Greek Yogurt,28/10/2024,46,94.49,29.2,68,0,Meat,3,
P009,Greek Yogurt,28/10/2024,214,20.91,27.5,51.7,0,Beverage,14,
P010,Greek Yogurt,28/10/2024,109,41.55,28.7,64.8,3.8,Dairy,4,
P001,Greek Yogurt,29/10/2024,100,40.85,29.8,72.3,0,Vegetable,7,kg
P002,Greek Yogurt,29/10/2024,156,21.9,31.9,59.9,0,Vegetable,2,kg
P003,Greek Yogurt,29/10/2024,194,35.57,31.9,71.5,0,Vegetable,3,kg
P004,Greek Yogurt,29/10/2024,131,16.83,30.2,74.4,0,Dairy,5,liters
P005,Greek Yogurt,29/10/2024,165,29.53,29.1,60,4.4,Vegetable,6,kg
P006,Greek Yogurt,29/10/2024,103,34.92,29.7,61,0,Fruit,5,
P007,Greek Yogurt,29/10/2024,143,18.17,26.6,52.2,0,Bakery,2,
P008,Greek Yogurt,29/10/2024,89,96.82,27.7,76.3,11.4,Meat,3,
P009,Greek Yogurt,29/10/2024,224,24.28,27.6,46.1,3,Beverage,14,
P010,Greek Yogurt,29/10/2024,91,43.78,28,61.6,0,Dairy,4,
P001,Greek Yogurt,30/10/2024,152,34.33,29.7,74.3,12.8,Vegetable,7,kg
P002,Greek Yogurt,30/10/2024,151,27.24,29,57.2,0,Vegetable,2,kg
P003,Greek Yogurt,30/10/2024,121,42.67,30.8,85.9,0,Vegetable,3,kg
P004,Greek Yogurt,30/10/2024,64,37.5,31.4,88.4,0,Dairy,5,liters
P005,Greek Yogurt,30/10/2024,38,18.07,29.5,87.4,1.3,Vegetable,6,kg
P006,Greek Yogurt,30/10/2024,83,36.05,30.2,70,0,Fruit,5,
P007,Greek Yogurt,30/10/2024,133,17.66,30.9,50.2,0,Bakery,2,
P008,Greek Yogurt,30/10/2024,71,94.02,33.2,69.7,0,Meat,3,
P009,Greek Yogurt,30/10/2024,193,22.87,29.7,49.9,0,Beverage,14,
P010,Greek Yogurt,30/10/2024,88,40.82,29,62.1,0,Dairy,4,
P001,Greek Yogurt,31/10/2024,162,28.03,33,75.4,8.4,Vegetable,7,kg
P002,Greek Yogurt,31/10/2024,114,41.53,32.7,52.2,0,Vegetable,2,kg
P003,Greek Yogurt,31/10/2024,54,23.28,29.4,65.7,0,Vegetable,3,kg
P004,Greek Yogurt,31/10/2024,181,25.35,31.6,51,0,Dairy,5,liters
P005,Greek Yogurt,31/10/2024,169,31.77,30.1,55.3,0,Vegetable,6,kg
P006,Greek Yogurt,31/10/2024,89,35.32,32,64.6,0,Fruit,5,
P007,Greek Yogurt,31/10/2024,136,18.11,31.1,50.8,0,Bakery,2,
P008,Greek Yogurt,31/10/2024,85,94.33,32,75.3,0,Meat,3,
P009,Greek Yogurt,31/10/2024,226,21.59,26.6,53.7,0,Beverage,14,
P010,Greek Yogurt,31/10/2024,100,41.96,26,65.3,0,Dairy,4,
P001,Greek Yogurt,01/11/2024,132,28.94,21.5,62.6,0,Vegetable,7,kg
P002,Greek Yogurt,01/11/2024,127,37.41,22.2,87.1,0,Vegetable,2,kg
P003,Greek Yogurt,01/11/2024,157,27.33,22.1,84,0,Vegetable,3,kg
P004,Greek Yogurt,01/11/2024,180,35.86,20.7,89.3,0,Dairy,5,liters
P005,Greek Yogurt,01/11/2024,142,39.37,22.1,59.8,0,Vegetable,6,kg
P006,Greek Yogurt,01/11/2024,84,36.23,25.6,62.8,0,Fruit,5,
P007,Greek Yogurt,01/11/2024,150,20.03,26.3,53,0,Bakery,2,
P008,Greek Yogurt,01/11/2024,61,94.98,25.9,66,0,Meat,3,
P009,Greek Yogurt,01/11/2024,196,22.57,25.4,53,0,Beverage,14,
P010,Greek Yogurt,01/11/2024,87,41.61,28.3,57.2,13.8,Dairy,4,
P001,Greek Yogurt,02/11/2024,88,27.7,24,62.5,8,Vegetable,7,kg
P002,Greek Yogurt,02/11/2024,133,11.57,18.9,56.6,16.3,Vegetable,2,kg
P003,Greek Yogurt,02/11/2024,183,28.38,23.3,59.6,0,Vegetable,3,kg
P004,Greek Yogurt,02/11/2024,138,33.2,21.3,57.6,0,Dairy,5,liters
P005,Greek Yogurt,02/11/2024,161,28.39,22.2,86.3,0,Vegetable,6,kg
P006,Greek Yogurt,02/11/2024,90,36.08,26,70.9,0,Fruit,5,
P007,Greek Yogurt,02/11/2024,139,18.95,25.5,56.1,0,Bakery,2,
P008,Greek Yogurt,02/11/2024,66,97.19,29.3,68.6,0,Meat,3,
P009,Greek Yogurt,02/11/2024,234,21.01,24.1,48.1,0,Beverage,14,
P010,Greek Yogurt,02/11/2024,115,39.54,28.8,57.5,0,Dairy,4,
P001,Greek Yogurt,03/11/2024,128,24.1,21.4,53.5,0,Vegetable,7,kg
P002,Greek Yogurt,03/11/2024,117,27.76,23.1,50.7,0,Vegetable,2,kg
P003,Greek Yogurt,03/11/2024,112,2.69,18.9,54.5,0,Vegetable,3,kg
P004,Greek Yogurt,03/11/2024,169,32.04,19,65.9,0,Dairy,5,liters
P005,Greek Yogurt,03/11/2024,106,40.09,19.7,84.2,15,Vegetable,6,kg
P006,Greek Yogurt,03/11/2024,74,32.74,28.1,68.1,0,Fruit,5,
P007,Greek Yogurt,03/11/2024,158,18.69,27.9,51,0,Bakery,2,
P008,Greek Yogurt,03/11/2024,52,94.59,26.5,70.8,0,Meat,3,
P009,Greek Yogurt,03/11/2024,213,21.26,24.5,54.3,0,Beverage,14,
P010,Greek Yogurt,03/11/2024,119,41.98,28.8,58,0,Dairy,4,
P001,Greek Yogurt,04/11/2024,141,34.67,21,64.9,0,Vegetable,7,kg
P002,Greek Yogurt,04/11/2024,46,49,23.4,79.9,0,Vegetable,2,kg
P003,Greek Yogurt,04/11/2024,152,57.26,21.8,79.5,0,Vegetable,3,kg
P004,Greek Yogurt,04/11/2024,117,26.19,22.8,87.7,0,Dairy,5,liters
P005,Greek Yogurt,04/11/2024,21,38.29,21.9,84.6,0,Vegetable,6,kg
P006,Greek Yogurt,04/11/2024,80,32.49,30.2,61.1,0,Fruit,5,
P007,Greek Yogurt,04/11/2024,126,16.2,29.1,55.5,0,Bakery,2,
P008,Greek Yogurt,04/11/2024,77,95.52,31.1,68.7,0,Meat,3,
P009,Greek Yogurt,04/11/2024,211,21.44,27.7,47.2,0,Beverage,14,
P010,Greek Yogurt,04/11/2024,99,43.27,25.3,64.5,12.1,Dairy,4,
P001,Greek Yogurt,05/11/2024,181,17.35,19.5,73.5,0,Vegetable,7,kg
P002,Greek Yogurt,05/11/2024,144,35.11,19.6,63.6,0,Vegetable,2,kg
P003,Greek Yogurt,05/11/2024,118,53.99,24.2,60.2,3.4,Vegetable,3,kg
P004,Greek Yogurt,05/11/2024,173,38.23,21.4,88.2,0,Dairy,5,liters
P005,Greek Yogurt,05/11/2024,35,46.56,19.3,69.3,0,Vegetable,6,kg
P006,Greek Yogurt,05/11/2024,97,34.38,28.6,64.9,0,Fruit,5,
P007,Greek Yogurt,05/11/2024,140,17.78,25.8,55.7,0,Bakery,2,
P008,Greek Yogurt,05/11/2024,62,94.04,29.6,72.4,0,Meat,3,
P009,Greek Yogurt,05/11/2024,185,21.25,27.9,53.7,14.2,Beverage,14,
P010,Greek Yogurt,05/11/2024,131,42.58,27,58.3,0,Dairy,4,
P001,Greek Yogurt,06/11/2024,110,28.5,24.8,55.6,0,Vegetable,7,kg
P002,Greek Yogurt,06/11/2024,169,45.02,21.6,74.4,9,Vegetable,2,kg
P003,Greek Yogurt,06/11/2024,119,31.41,19.5,61.3,0,Vegetable,3,kg
P004,Greek Yogurt,06/11/2024,185,52.2,21.1,65.6,0,Dairy,5,liters
P005,Greek Yogurt,06/11/2024,116,29.98,23.5,52.9,0,Vegetable,6,kg
P006,Greek Yogurt,06/11/2024,81,35.71,25.7,65.1,0,Fruit,5,
P007,Greek Yogurt,06/11/2024,140,18.16,28.2,57.6,0,Bakery,2,
P008,Greek Yogurt,06/11/2024,51,94.49,29.8,65.7,0,Meat,3,
P009,Greek Yogurt,06/11/2024,184,22.51,26.2,55.6,0,Beverage,14,
P010,Greek Yogurt,06/11/2024,120,42.37,24.5,66.4,0,Dairy,4,
P001,Greek Yogurt,07/11/2024,154,10.02,23.7,87.7,0,Vegetable,7,kg
P002,Greek Yogurt,07/11/2024,103,19.92,20.6,82,4.2,Vegetable,2,kg
P003,Greek Yogurt,07/11/2024,213,25.36,22.1,50.2,0,Vegetable,3,kg
P004,Greek Yogurt,07/11/2024,187,40.49,17.7,70.2,0,Dairy,5,liters
P005,Greek Yogurt,07/11/2024,139,31.41,21.6,89.7,0,Vegetable,6,kg
P006,Greek Yogurt,07/11/2024,76,36.2,27.5,68,0,Fruit,5,
P007,Greek Yogurt,07/11/2024,161,17.23,28.9,54.4,0,Bakery,2,
P008,Greek Yogurt,07/11/2024,44,96.27,28.3,75.6,0.9,Meat,3,
P009,Greek Yogurt,07/11/2024,233,21.08,26,52.8,11,Beverage,14,
P010,Greek Yogurt,07/11/2024,141,40.46,27,55.2,0,Dairy,4,
P001,Greek Yogurt,08/11/2024,168,35.09,24.2,82,0,Vegetable,7,kg
P002,Greek Yogurt,08/11/2024,153,24.73,24.3,83.4,0,Vegetable,2,kg
P003,Greek Yogurt,08/11/2024,103,40.99,19.8,66.1,0,Vegetable,3,kg
P004,Greek Yogurt,08/11/2024,113,32.43,23.2,67.3,0,Dairy,5,liters
P005,Greek Yogurt,08/11/2024,77,44.67,20,71.7,0,Vegetable,6,kg
P006,Greek Yogurt,08/11/2024,79,35.39,27.1,68.9,0,Fruit,5,
P007,Greek Yogurt,08/11/2024,110,17.44,28.1,56.8,7.8,Bakery,2,
P008,Greek Yogurt,08/11/2024,45,93.13,27.2,69.4,0,Meat,3,
P009,Greek Yogurt,08/11/2024,209,19.87,28.4,53.8,0,Beverage,14,
P010,Greek Yogurt,08/11/2024,111,43.85,24.3,57.2,0,Dairy,4,
P001,Greek Yogurt,09/11/2024,66,26.44,25.1,57.8,17.1,Vegetable,7,kg
P002,Greek Yogurt,09/11/2024,120,20.22,19.2,81.3,0,Vegetable,2,kg
P003,Greek Yogurt,09/11/2024,143,20.13,24.2,55.4,0,Vegetable,3,kg
P004,Greek Yogurt,09/11/2024,67,37.96,21.9,62.8,0,Dairy,5,liters
P005,Greek Yogurt,09/11/2024,137,21.71,18.4,71.1,0,Vegetable,6,kg
P006,Greek Yogurt,09/11/2024,90,35.18,28.3,64.6,1.6,Fruit,5,
P007,Greek Yogurt,09/11/2024,145,16.82,25.1,53.7,0,Bakery,2,
P008,Greek Yogurt,09/11/2024,38,95.37,28.3,75.5,0,Meat,3,
P009,Greek Yogurt,09/11/2024,199,21.19,24.2,47.8,0,Beverage,14,
P010,Greek Yogurt,09/11/2024,126,41.41,25.8,65.6,0,Dairy,4,
P001,Greek Yogurt,10/11/2024,91,31.78,19.7,71.7,0,Vegetable,7,kg
P002,Greek Yogurt,10/11/2024,105,35.1,23.8,71,16.1,Vegetable,2,kg
P003,Greek Yogurt,10/11/2024,140,32.13,21.1,59.8,0,Vegetable,3,kg
P004,Greek Yogurt,10/11/2024,139,38.37,17.7,55.5,5.7,Dairy,5,liters
P005,Greek Yogurt,10/11/2024,159,28.69,23.3,72.7,0,Vegetable,6,kg
P006,Greek Yogurt,10/11/2024,127,35.37,27.1,70.3,0,Fruit,5,
P007,Greek Yogurt,10/11/2024,128,16.59,27.1,57.9,0,Bakery,2,
P008,Greek Yogurt,10/11/2024,24,95.58,26.5,75.3,0,Meat,3,
P009,Greek Yogurt,10/11/2024,205,20.44,26.3,52,0,Beverage,14,
P010,Greek Yogurt,10/11/2024,88,39.68,27.7,64.7,0,Dairy,4,
P001,Greek Yogurt,11/11/2024,108,33.24,23.6,85.1,0,Vegetable,7,kg
P002,Greek Yogurt,11/11/2024,106,36.4,24.4,82.1,0,Vegetable,2,kg
P003,Greek Yogurt,11/11/2024,142,48.1,23.2,54.4,0,Vegetable,3,kg
P004,Greek Yogurt,11/11/2024,86,44.86,21.6,71.9,8.3,Dairy,5,liters
P005,Greek Yogurt,11/11/2024,131,36.1,21.1,74.3,0,Vegetable,6,kg
P006,Greek Yogurt,11/11/2024,109,33.73,27.2,62.6,0,Fruit,5,
P007,Greek Yogurt,11/11/2024,140,18.67,24.1,57.5,0,Bakery,2,
P008,Greek Yogurt,11/11/2024,71,95.26,28.6,68.3,0,Meat,3,
P009,Greek Yogurt,11/11/2024,195,20.39,26.3,50.5,0,Beverage,14,
P010,Greek Yogurt,11/11/2024,128,44.88,27.1,58.4,6.9,Dairy,4,
P001,Greek Yogurt,12/11/2024,81,10.08,21.8,62,0,Vegetable,7,kg
P002,Greek Yogurt,12/11/2024,176,31.82,20.5,74.7,0,Vegetable,2,kg
P003,Greek Yogurt,12/11/2024,56,22.76,20.7,64.5,14.3,Vegetable,3,kg
P004,Greek Yogurt,12/11/2024,129,21.38,17.8,78.3,17.8,Dairy,5,liters
P005,Greek Yogurt,12/11/2024,86,20.5,21.8,83.5,0,Vegetable,6,kg
P006,Greek Yogurt,12/11/2024,77,35.63,28.2,64.1,0,Fruit,5,
P007,Greek Yogurt,12/11/2024,163,18.41,24.1,50.6,0,Bakery,2,
P008,Greek Yogurt,12/11/2024,54,94.94,28.8,72.3,0,Meat,3,
P009,Greek Yogurt,12/11/2024,201,22.15,28.4,46.5,0,Beverage,14,
P010,Greek Yogurt,12/11/2024,107,42.5,24.7,57.2,0,Dairy,4,
P001,Greek Yogurt,13/11/2024,108,23.4,21.6,67.4,0,Vegetable,7,kg
P002,Greek Yogurt,13/11/2024,55,36.47,19.2,58.5,0,Vegetable,2,kg
P003,Greek Yogurt,13/11/2024,102,19.4,21.6,76.4,17.1,Vegetable,3,kg
P004,Greek Yogurt,13/11/2024,91,35.41,17.5,80.9,0,Dairy,5,liters
P005,Greek Yogurt,13/11/2024,126,22.61,22.8,70.8,0,Vegetable,6,kg
P006,Greek Yogurt,13/11/2024,94,35.36,27.2,67.8,0,Fruit,5,
P007,Greek Yogurt,13/11/2024,120,19.66,26.9,51.5,0,Bakery,2,
P008,Greek Yogurt,13/11/2024,48,93.48,26.3,75.4,0,Meat,3,
P009,Greek Yogurt,13/11/2024,212,19.14,25.2,49.7,10.2,Beverage,14,
P010,Greek Yogurt,13/11/2024,120,43.03,26.8,57.5,0,Dairy,4,
P001,Greek Yogurt,14/11/2024,141,26.56,24.4,71.9,0,Vegetable,7,kg
P002,Greek Yogurt,14/11/2024,140,29.14,19.6,55.7,0,Vegetable,2,kg
P003,Greek Yogurt,14/11/2024,166,33.39,19.6,84.1,0,Vegetable,3,kg
P004,Greek Yogurt,14/11/2024,93,47.28,19.2,50.8,0,Dairy,5,liters
P005,Greek Yogurt,14/11/2024,60,35.29,20.7,53.2,0,Vegetable,6,kg
P006,Greek Yogurt,14/11/2024,75,35.48,29.6,61.5,0,Fruit,5,
P007,Greek Yogurt,14/11/2024,127,17.24,29.5,55.1,0,Bakery,2,
P008,Greek Yogurt,14/11/2024,27,97.65,31.4,73.1,0,Meat,3,
P009,Greek Yogurt,14/11/2024,198,20.96,22.8,48.3,0,Beverage,14,
P010,Greek Yogurt,14/11/2024,78,40.7,26,57.3,6.9,Dairy,4,
P001,Greek Yogurt,15/11/2024,125,50.86,24.4,84.8,7.3,Vegetable,7,kg
P002,Greek Yogurt,15/11/2024,104,15.01,19.5,77.5,0,Vegetable,2,kg
P003,Greek Yogurt,15/11/2024,102,27.72,21.3,84.2,0,Vegetable,3,kg
P004,Greek Yogurt,15/11/2024,116,19.38,22.3,51.8,0,Dairy,5,liters
P005,Greek Yogurt,15/11/2024,106,18.02,18.4,70.9,1.9,Vegetable,6,kg
P006,Greek Yogurt,15/11/2024,90,34.64,30.5,68.9,7.1,Fruit,5,
P007,Greek Yogurt,15/11/2024,128,16.86,28,54.5,2.9,Bakery,2,
P008,Greek Yogurt,15/11/2024,72,93.43,25.8,75.5,0,Meat,3,
P009,Greek Yogurt,15/11/2024,168,22.79,26.6,49,0,Beverage,14,
P010,Greek Yogurt,15/11/2024,99,44.61,27,59.6,5.7,Dairy,4,
P001,Greek Yogurt,16/11/2024,57,33.45,25,65.3,11.9,Vegetable,7,kg
P002,Greek Yogurt,16/11/2024,158,18.02,20.3,77.2,0,Vegetable,2,kg
P003,Greek Yogurt,16/11/2024,176,38.55,20.1,65.8,0,Vegetable,3,kg
P004,Greek Yogurt,16/11/2024,237,26.45,17.4,62.8,0,Dairy,5,liters
P005,Greek Yogurt,16/11/2024,68,30.68,18.4,72.1,0,Vegetable,6,kg
P006,Greek Yogurt,16/11/2024,90,34.15,30.1,62.4,0,Fruit,5,
P007,Greek Yogurt,16/11/2024,118,17.84,27.4,54.5,1.5,Bakery,2,
P008,Greek Yogurt,16/11/2024,67,96.09,29.5,71.8,0,Meat,3,
P009,Greek Yogurt,16/11/2024,164,23.08,27.7,55.1,0,Beverage,14,
P010,Greek Yogurt,16/11/2024,126,39.37,30.1,67,0,Dairy,4,
P001,Greek Yogurt,17/11/2024,119,25.78,22.7,68.5,0,Vegetable,7,kg
P002,Greek Yogurt,17/11/2024,136,38.31,21.7,58.1,0,Vegetable,2,kg
P003,Greek Yogurt,17/11/2024,46,5.32,20.2,81.2,0,Vegetable,3,kg
P004,Greek Yogurt,17/11/2024,77,20.04,20.2,59.8,0,Dairy,5,liters
P005,Greek Yogurt,17/11/2024,68,26.71,19.4,78.3,0,Vegetable,6,kg
P006,Greek Yogurt,17/11/2024,87,35.82,25.4,60.5,0,Fruit,5,
P007,Greek Yogurt,17/11/2024,164,16.91,26.6,58,0,Bakery,2,
P008,Greek Yogurt,17/11/2024,72,94.87,28,71.9,0,Meat,3,
P009,Greek Yogurt,17/11/2024,216,20.06,25.4,48.4,0,Beverage,14,
P010,Greek Yogurt,17/11/2024,91,44.65,24.5,55.5,4.2,Dairy,4,
P001,Greek Yogurt,18/11/2024,246,22.27,22,55,0,Vegetable,7,kg
P002,Greek Yogurt,18/11/2024,126,30.61,21.8,51.5,0.5,Vegetable,2,kg
P003,Greek Yogurt,18/11/2024,5,26.65,18.8,81.1,18.2,Vegetable,3,kg
P004,Greek Yogurt,18/11/2024,198,35.46,18.6,60.6,0,Dairy,5,liters
P005,Greek Yogurt,18/11/2024,76,34.32,23,87.3,13.4,Vegetable,6,kg
P006,Greek Yogurt,18/11/2024,86,36.4,28.1,63.6,0,Fruit,5,
P007,Greek Yogurt,18/11/2024,126,19.74,24.6,56,0,Bakery,2,
P008,Greek Yogurt,18/11/2024,64,93.83,29.5,72,2.8,Meat,3,
P009,Greek Yogurt,18/11/2024,175,22.13,25.7,53.3,0,Beverage,14,
P010,Greek Yogurt,18/11/2024,94,43.92,27.4,58.9,0,Dairy,4,
P001,Greek Yogurt,19/11/2024,60,41.6,22.1,72.4,7.4,Vegetable,7,kg
P002,Greek Yogurt,19/11/2024,5,27.24,18.6,77.6,6,Vegetable,2,kg
P003,Greek Yogurt,19/11/2024,123,34.52,19.4,84.6,0,Vegetable,3,kg
P004,Greek Yogurt,19/11/2024,93,27.42,23,53.7,0,Dairy,5,liters
P005,Greek Yogurt,19/11/2024,72,26.07,22.8,64.6,13.4,Vegetable,6,kg
P006,Greek Yogurt,19/11/2024,90,34.09,25.2,63.1,0,Fruit,5,
P007,Greek Yogurt,19/11/2024,169,18.5,28.6,59.7,0,Bakery,2,
P008,Greek Yogurt,19/11/2024,67,96.29,30.5,75.2,0.2,Meat,3,
P009,Greek Yogurt,19/11/2024,224,22.95,26.2,47.1,0.7,Beverage,14,
P010,Greek Yogurt,19/11/2024,98,44.38,29.7,64.5,0,Dairy,4,
P001,Greek Yogurt,20/11/2024,50,30.62,23.4,75.7,0,Vegetable,7,kg
P002,Greek Yogurt,20/11/2024,115,31.68,22.1,56.2,0,Vegetable,2,kg
P003,Greek Yogurt,20/11/2024,8,49.14,23,60.9,0,Vegetable,3,kg
P004,Greek Yogurt,20/11/2024,103,48.88,17.9,70.2,0,Dairy,5,liters
P005,Greek Yogurt,20/11/2024,148,42.73,22.8,77.7,0,Vegetable,6,kg
P006,Greek Yogurt,20/11/2024,87,35.57,28.7,68.4,0,Fruit,5,
P007,Greek Yogurt,20/11/2024,142,17.19,29.3,61.9,0,Bakery,2,
P008,Greek Yogurt,20/11/2024,70,96.5,31.2,75.1,0,Meat,3,
P009,Greek Yogurt,20/11/2024,180,22.84,23.3,54.9,0,Beverage,14,
P010,Greek Yogurt,20/11/2024,108,42.9,29.1,65.3,0,Dairy,4,
P001,Greek Yogurt,21/11/2024,262,32.94,24.4,56.8,0,Vegetable,7,kg
P002,Greek Yogurt,21/11/2024,186,21.87,22.6,88.7,0,Vegetable,2,kg
P003,Greek Yogurt,21/11/2024,22,25.3,22.4,70.5,0,Vegetable,3,kg
P004,Greek Yogurt,21/11/2024,151,30.33,22.9,88.4,0,Dairy,5,liters
P005,Greek Yogurt,21/11/2024,134,30.24,22.5,63,0,Vegetable,6,kg
P006,Greek Yogurt,21/11/2024,86,34.72,24.9,70.6,0,Fruit,5,
P007,Greek Yogurt,21/11/2024,174,18.35,26.6,60.1,0,Bakery,2,
P008,Greek Yogurt,21/11/2024,76,93.97,29.2,74.7,0,Meat,3,
P009,Greek Yogurt,21/11/2024,199,22.27,26.2,53.6,0,Beverage,14,
P010,Greek Yogurt,21/11/2024,98,42.23,27.6,66.6,0,Dairy,4,
P001,Greek Yogurt,22/11/2024,113,33.8,22.9,60.6,11.3,Vegetable,7,kg
P002,Greek Yogurt,22/11/2024,133,17.01,20,52.9,0,Vegetable,2,kg
P003,Greek Yogurt,22/11/2024,116,17.79,20.1,53.3,17,Vegetable,3,kg
P004,Greek Yogurt,22/11/2024,200,29.86,18.7,51.3,1.4,Dairy,5,liters
P005,Greek Yogurt,22/11/2024,89,29.59,21.4,57.2,17.5,Vegetable,6,kg
P006,Greek Yogurt,22/11/2024,128,35.9,30.5,65.7,0,Fruit,5,
P007,Greek Yogurt,22/11/2024,126,18.01,26.8,53.1,0,Bakery,2,
P008,Greek Yogurt,22/11/2024,62,95.83,30.1,65.7,0,Meat,3,
P009,Greek Yogurt,22/11/2024,192,21.88,27.4,50.8,0,Beverage,14,
P010,Greek Yogurt,22/11/2024,123,40.28,28.7,61.4,9.5,Dairy,4,
P001,Greek Yogurt,23/11/2024,114,21.66,25.2,57.7,0,Vegetable,7,kg
P002,Greek Yogurt,23/11/2024,71,42.9,19.7,62.9,0,Vegetable,2,kg
P003,Greek Yogurt,23/11/2024,113,36.42,22.8,51.3,9.3,Vegetable,3,kg
P004,Greek Yogurt,23/11/2024,217,26.58,22.3,74.5,0,Dairy,5,liters
P005,Greek Yogurt,23/11/2024,124,27.6,20.9,68.8,0,Vegetable,6,kg
P006,Greek Yogurt,23/11/2024,116,36.34,25,69,0,Fruit,5,
P007,Greek Yogurt,23/11/2024,129,18.35,23.8,57.4,0,Bakery,2,
P008,Greek Yogurt,23/11/2024,41,95.2,30.4,76.8,0,Meat,3,
P009,Greek Yogurt,23/11/2024,185,22.76,25.3,46.4,0,Beverage,14,
P010,Greek Yogurt,23/11/2024,105,42.34,26.5,60.9,0,Dairy,4,
P001,Greek Yogurt,24/11/2024,160,36.33,21.7,78.3,0,Vegetable,7,kg
P002,Greek Yogurt,24/11/2024,85,48.01,23,61.3,0,Vegetable,2,kg
P003,Greek Yogurt,24/11/2024,197,9.67,18.9,72.9,0,Vegetable,3,kg
P004,Greek Yogurt,24/11/2024,198,34.49,19.8,54.7,0,Dairy,5,liters
P005,Greek Yogurt,24/11/2024,135,8.45,19,75.1,19.4,Vegetable,6,kg
P006,Greek Yogurt,24/11/2024,89,35.13,28.4,60.5,0,Fruit,5,
P007,Greek Yogurt,24/11/2024,148,19.19,26.2,52.8,0,Bakery,2,
P008,Greek Yogurt,24/11/2024,83,95.02,29.7,66.4,0,Meat,3,
P009,Greek Yogurt,24/11/2024,205,21.41,26.3,48.9,0,Beverage,14,
P010,Greek Yogurt,24/11/2024,130,40.86,26.8,60.7,0,Dairy,4,
P001,Greek Yogurt,25/11/2024,140,31.3,23.3,70.3,0,Vegetable,7,kg
P002,Greek Yogurt,25/11/2024,182,24.35,22.7,70.1,0,Vegetable,2,kg
P003,Greek Yogurt,25/11/2024,119,38.82,19.3,82.2,0,Vegetable,3,kg
P004,Greek Yogurt,25/11/2024,162,64.08,18.8,84.5,0,Dairy,5,liters
P005,Greek Yogurt,25/11/2024,134,36.95,20.2,70.9,0,Vegetable,6,kg
P006,Greek Yogurt,25/11/2024,68,35.87,27.3,67.2,5.9,Fruit,5,
P007,Greek Yogurt,25/11/2024,141,18.3,24.7,60.3,0,Bakery,2,
P008,Greek Yogurt,25/11/2024,46,94.11,30.5,75.2,3.5,Meat,3,
P009,Greek Yogurt,25/11/2024,213,21.6,24.1,47.1,0,Beverage,14,
P010,Greek Yogurt,25/11/2024,110,42.8,28,61.6,0,Dairy,4,
P001,Greek Yogurt,26/11/2024,121,18.93,20.7,79.2,0,Vegetable,7,kg
P002,Greek Yogurt,26/11/2024,5,38.2,20.7,59.2,0,Vegetable,2,kg
P003,Greek Yogurt,26/11/2024,154,46.02,19,80.5,8.5,Vegetable,3,kg
P004,Greek Yogurt,26/11/2024,179,45.66,23,80.1,0,Dairy,5,liters
P005,Greek Yogurt,26/11/2024,177,39.23,22.7,56.2,0,Vegetable,6,kg
P006,Greek Yogurt,26/11/2024,83,33.4,25.9,65.4,4.7,Fruit,5,
P007,Greek Yogurt,26/11/2024,158,17.11,25.5,57.9,0,Bakery,2,
P008,Greek Yogurt,26/11/2024,58,94.52,28.5,71.2,0,Meat,3,
P009,Greek Yogurt,26/11/2024,182,22.3,24,47.5,0,Beverage,14,
P010,Greek Yogurt,26/11/2024,128,39.52,25.3,61.4,10.3,Dairy,4,
P001,Greek Yogurt,27/11/2024,57,30.42,23,87.6,0,Vegetable,7,kg
P002,Greek Yogurt,27/11/2024,127,32.05,18.8,56.6,0,Vegetable,2,kg
P003,Greek Yogurt,27/11/2024,104,20.03,19.3,79.8,0,Vegetable,3,kg
P004,Greek Yogurt,27/11/2024,94,46.7,17.6,57.1,0,Dairy,5,liters
P005,Greek Yogurt,27/11/2024,177,33.65,19.4,66.1,19.4,Vegetable,6,kg
P006,Greek Yogurt,27/11/2024,100,34.91,24.9,70.9,0,Fruit,5,
P007,Greek Yogurt,27/11/2024,127,16.78,29.6,54.3,0,Bakery,2,
P008,Greek Yogurt,27/11/2024,57,94.62,28.3,68.8,0,Meat,3,
P009,Greek Yogurt,27/11/2024,200,21.84,27.6,47.7,16.4,Beverage,14,
P010,Greek Yogurt,27/11/2024,100,42.96,28.6,58.4,0,Dairy,4,
P001,Greek Yogurt,28/11/2024,93,30.43,22.9,53.8,0,Vegetable,7,kg
P002,Greek Yogurt,28/11/2024,56,24.13,21.2,82.3,0,Vegetable,2,kg
P003,Greek Yogurt,28/11/2024,146,33.26,22.2,70.8,0,Vegetable,3,kg
P004,Greek Yogurt,28/11/2024,145,34.27,20.3,87.4,0,Dairy,5,liters
P005,Greek Yogurt,28/11/2024,119,32.01,18.1,80.7,12.2,Vegetable,6,kg
P006,Greek Yogurt,28/11/2024,71,35.26,26.1,71.3,0,Fruit,5,
P007,Greek Yogurt,28/11/2024,152,17.78,25.4,56,8.2,Bakery,2,
P008,Greek Yogurt,28/11/2024,62,97.24,30.4,70,0,Meat,3,
P009,Greek Yogurt,28/11/2024,219,21.91,24.2,52.1,0,Beverage,14,
P010,Greek Yogurt,28/11/2024,95,42.85,24.9,65.8,0,Dairy,4,
P001,Greek Yogurt,29/11/2024,80,32.65,21.3,66,0,Vegetable,7,kg
P002,Greek Yogurt,29/11/2024,169,41.78,18.7,64.2,0,Vegetable,2,kg
P003,Greek Yogurt,29/11/2024,141,38.66,20.8,78.5,0,Vegetable,3,kg
P004,Greek Yogurt,29/11/2024,137,40.39,23,52.2,3.5,Dairy,5,liters
P005,Greek Yogurt,29/11/2024,51,20.75,20.1,67.2,0,Vegetable,6,kg
P006,Greek Yogurt,29/11/2024,86,34.83,26.6,70.2,0,Fruit,5,
P007,Greek Yogurt,29/11/2024,161,19.38,28.8,53.6,6.5,Bakery,2,
P008,Greek Yogurt,29/11/2024,63,97.38,30.8,72.4,0,Meat,3,
P009,Greek Yogurt,29/11/2024,214,21.94,26,47.3,0,Beverage,14,
P010,Greek Yogurt,29/11/2024,117,40.59,29.8,63.5,0,Dairy,4,
P001,Greek Yogurt,30/11/2024,196,27.85,22.2,51.7,0,Vegetable,7,kg
P002,Greek Yogurt,30/11/2024,137,18.58,20.6,89.3,0,Vegetable,2,kg
P003,Greek Yogurt,30/11/2024,129,29.3,22,88.7,0,Vegetable,3,kg
P004,Greek Yogurt,30/11/2024,121,52.87,21.9,77.8,0,Dairy,5,liters
P005,Greek Yogurt,30/11/2024,159,23.95,19.7,58.7,0,Vegetable,6,kg
P006,Greek Yogurt,30/11/2024,125,34.46,30.4,61.2,0,Fruit,5,
P007,Greek Yogurt,30/11/2024,118,17.89,25.5,54.5,0,Bakery,2,
P008,Greek Yogurt,30/11/2024,78,94.45,31.4,74.9,0,Meat,3,
P009,Greek Yogurt,30/11/2024,193,20.75,23,48.4,0,Beverage,14,
P010,Greek Yogurt,30/11/2024,113,42.77,27.8,56.3,0,Dairy,4,
P001,Greek Yogurt,01/12/2024,104,17.74,13.3,62.3,1.7,Vegetable,7,kg
P002,Greek Yogurt,01/12/2024,183,33.56,15.8,59.4,0,Vegetable,2,kg
P003,Greek Yogurt,01/12/2024,216,23.78,16.3,53.8,0,Vegetable,3,kg
P004,Greek Yogurt,01/12/2024,164,33.35,12.5,60.1,0,Dairy,5,liters
P005,Greek Yogurt,01/12/2024,192,37.35,11.6,85.9,6.7,Vegetable,6,kg
P006,Greek Yogurt,01/12/2024,95,33.89,24.6,66.9,0,Fruit,5,
P007,Greek Yogurt,01/12/2024,142,18.38,25,60.8,0,Bakery,2,
P008,Greek Yogurt,01/12/2024,58,96.25,26.6,68.4,0,Meat,3,
P009,Greek Yogurt,01/12/2024,202,22.83,25.1,52.6,7.4,Beverage,14,
P010,Greek Yogurt,01/12/2024,124,41.02,23,60.8,0,Dairy,4,
P001,Greek Yogurt,02/12/2024,77,36.67,16.4,62.8,6,Vegetable,7,kg
P002,Greek Yogurt,02/12/2024,65,9.44,12.9,70.6,18.3,Vegetable,2,kg
P003,Greek Yogurt,02/12/2024,82,43.34,12,81,0,Vegetable,3,kg
P004,Greek Yogurt,02/12/2024,206,27.79,16.7,59.1,0,Dairy,5,liters
P005,Greek Yogurt,02/12/2024,98,31.26,17,54.1,10,Vegetable,6,kg
P006,Greek Yogurt,02/12/2024,99,35.85,24.1,68.4,0,Fruit,5,
P007,Greek Yogurt,02/12/2024,121,20.5,27.1,55.3,0,Bakery,2,
P008,Greek Yogurt,02/12/2024,80,94.03,26.3,68.9,0,Meat,3,
P009,Greek Yogurt,02/12/2024,226,21.8,23,54.7,0,Beverage,14,
P010,Greek Yogurt,02/12/2024,108,41.58,24.7,62.8,0,Dairy,4,
P001,Greek Yogurt,03/12/2024,79,31.97,13.7,56.9,0,Vegetable,7,kg
P002,Greek Yogurt,03/12/2024,157,24.7,16.7,78.7,0,Vegetable,2,kg
P003,Greek Yogurt,03/12/2024,137,24.38,17.3,77.1,0,Vegetable,3,kg
P004,Greek Yogurt,03/12/2024,117,30.25,16.1,71.4,0,Dairy,5,liters
P005,Greek Yogurt,03/12/2024,104,29.23,12.2,84.8,0,Vegetable,6,kg
P006,Greek Yogurt,03/12/2024,105,35.18,27.9,64.8,1.3,Fruit,5,
P007,Greek Yogurt,03/12/2024,131,21.28,26.7,61.3,0,Bakery,2,
P008,Greek Yogurt,03/12/2024,80,97.59,24.8,76.8,7.4,Meat,3,
P009,Greek Yogurt,03/12/2024,202,22.07,22.4,48.2,0,Beverage,14,
P010,Greek Yogurt,03/12/2024,128,42.93,24.9,55.6,0,Dairy,4,
P001,Greek Yogurt,04/12/2024,113,35.25,17.7,81.4,0,Vegetable,7,kg
P002,Greek Yogurt,04/12/2024,159,11.97,13.1,52.5,0,Vegetable,2,kg
P003,Greek Yogurt,04/12/2024,154,23.32,13.4,80.6,0,Vegetable,3,kg
P004,Greek Yogurt,04/12/2024,132,43.85,10.9,73.7,0,Dairy,5,liters
P005,Greek Yogurt,04/12/2024,47,39.01,15.1,87.4,2.5,Vegetable,6,kg
P006,Greek Yogurt,04/12/2024,116,35.55,24.5,62.4,2.1,Fruit,5,
P007,Greek Yogurt,04/12/2024,101,16.39,24,58.8,7.7,Bakery,2,
P008,Greek Yogurt,04/12/2024,63,93.8,27.6,66.5,0,Meat,3,
P009,Greek Yogurt,04/12/2024,212,22.78,21.5,49.5,0,Beverage,14,
P010,Greek Yogurt,04/12/2024,121,42.76,28.8,60.9,0,Dairy,4,
P001,Greek Yogurt,05/12/2024,133,38.62,18,71,0,Vegetable,7,kg
P002,Greek Yogurt,05/12/2024,176,25.17,14.9,77.7,0,Vegetable,2,kg
P003,Greek Yogurt,05/12/2024,106,17.18,13.4,78,10.2,Vegetable,3,kg
P004,Greek Yogurt,05/12/2024,126,38.04,15.6,81.5,0,Dairy,5,liters
P005,Greek Yogurt,05/12/2024,113,26.91,15.1,66,0,Vegetable,6,kg
P006,Greek Yogurt,05/12/2024,107,34.61,27.6,62,0,Fruit,5,
P007,Greek Yogurt,05/12/2024,163,20.91,24.2,59.7,0,Bakery,2,
P008,Greek Yogurt,05/12/2024,59,94.8,27.5,68.6,0,Meat,3,
P009,Greek Yogurt,05/12/2024,202,23.08,25,53.7,0,Beverage,14,
P010,Greek Yogurt,05/12/2024,112,42.37,26.2,59.5,0,Dairy,4,
P001,Greek Yogurt,06/12/2024,116,35.98,17.9,87,0,Vegetable,7,kg
P002,Greek Yogurt,06/12/2024,135,26.14,17.3,70.6,0,Vegetable,2,kg
P003,Greek Yogurt,06/12/2024,88,41.64,15,67.7,0,Vegetable,3,kg
P004,Greek Yogurt,06/12/2024,102,29.62,10.8,73.8,0,Dairy,5,liters
P005,Greek Yogurt,06/12/2024,107,30.7,14.7,86.3,0,Vegetable,6,kg
P006,Greek Yogurt,06/12/2024,99,36.02,27.7,64.8,0.3,Fruit,5,
P007,Greek Yogurt,06/12/2024,147,18.05,22.5,51.5,5.6,Bakery,2,
P008,Greek Yogurt,06/12/2024,43,96.79,28.8,69,0,Meat,3,
P009,Greek Yogurt,06/12/2024,206,21.18,24.8,52.9,0,Beverage,14,
P010,Greek Yogurt,06/12/2024,83,42.91,28.3,59.9,0,Dairy,4,
P001,Greek Yogurt,07/12/2024,256,32.22,15.6,87.5,0,Vegetable,7,kg
P002,Greek Yogurt,07/12/2024,130,37.54,14.8,50.3,0,Vegetable,2,kg
P003,Greek Yogurt,07/12/2024,101,29.45,14.5,82,0,Vegetable,3,kg
P004,Greek Yogurt,07/12/2024,157,24.23,11.5,73.4,0,Dairy,5,liters
P005,Greek Yogurt,07/12/2024,162,30.24,15.7,74.4,0,Vegetable,6,kg
P006,Greek Yogurt,07/12/2024,56,33.65,27.3,66.3,0,Fruit,5,
P007,Greek Yogurt,07/12/2024,79,17.84,24.8,61.2,4,Bakery,2,
P008,Greek Yogurt,07/12/2024,62,94.68,25.4,65.9,0,Meat,3,
P009,Greek Yogurt,07/12/2024,214,19.25,26.9,49.2,0,Beverage,14,
P010,Greek Yogurt,07/12/2024,114,43.58,26.8,58.1,0,Dairy,4,
P001,Greek Yogurt,08/12/2024,139,30.15,18.2,60.2,0,Vegetable,7,kg
P002,Greek Yogurt,08/12/2024,190,15.01,14.7,72.7,0,Vegetable,2,kg
P003,Greek Yogurt,08/12/2024,121,28.92,16.2,79,0,Vegetable,3,kg
P004,Greek Yogurt,08/12/2024,5,31.96,12.3,76.9,0,Dairy,5,liters
P005,Greek Yogurt,08/12/2024,100,56.24,13.5,87.5,0,Vegetable,6,kg
P006,Greek Yogurt,08/12/2024,95,35.19,26.4,69.7,0,Fruit,5,
P007,Greek Yogurt,08/12/2024,141,17.26,28.1,51.7,0,Bakery,2,
P008,Greek Yogurt,08/12/2024,76,94.96,29.7,72.6,0.3,Meat,3,
P009,Greek Yogurt,08/12/2024,194,22.19,24.1,49.3,0,Beverage,14,
P010,Greek Yogurt,08/12/2024,126,44.63,25,59.5,12.7,Dairy,4,
P001,Greek Yogurt,09/12/2024,73,33.27,17.3,50.6,0,Vegetable,7,kg
P002,Greek Yogurt,09/12/2024,133,39.84,14.8,58.2,8,Vegetable,2,kg
P003,Greek Yogurt,09/12/2024,73,38.95,13.8,88.1,2.3,Vegetable,3,kg
P004,Greek Yogurt,09/12/2024,197,28.9,12.9,89.8,0,Dairy,5,liters
P005,Greek Yogurt,09/12/2024,237,21.1,11.7,76.1,0,Vegetable,6,kg
P006,Greek Yogurt,09/12/2024,98,34.08,28.1,67.3,0,Fruit,5,
P007,Greek Yogurt,09/12/2024,163,15.84,28,59.8,0,Bakery,2,
P008,Greek Yogurt,09/12/2024,62,94.99,25.6,66,8.3,Meat,3,
P009,Greek Yogurt,09/12/2024,194,22.07,21.5,47.9,0,Beverage,14,
P010,Greek Yogurt,09/12/2024,124,41.21,28,59.9,12.8,Dairy,4,
P001,Greek Yogurt,10/12/2024,122,32.26,13.8,72.2,0,Vegetable,7,kg
P002,Greek Yogurt,10/12/2024,101,41.77,15.8,74.2,0,Vegetable,2,kg
P003,Greek Yogurt,10/12/2024,122,24.56,15.2,83.4,1.1,Vegetable,3,kg
P004,Greek Yogurt,10/12/2024,96,29.35,16.4,61.1,0,Dairy,5,liters
P005,Greek Yogurt,10/12/2024,106,34.95,12.5,85.2,0,Vegetable,6,kg
P006,Greek Yogurt,10/12/2024,115,35.76,27,60.9,0,Fruit,5,
P007,Greek Yogurt,10/12/2024,123,17.17,25.1,55,0,Bakery,2,
P008,Greek Yogurt,10/12/2024,73,93.92,26.7,71.6,0,Meat,3,
P009,Greek Yogurt,10/12/2024,188,21.7,23.6,53.4,0,Beverage,14,
P010,Greek Yogurt,10/12/2024,110,42.74,24.6,60.2,0,Dairy,4,
P001,Greek Yogurt,11/12/2024,151,42.62,15.5,86.4,0,Vegetable,7,kg
P002,Greek Yogurt,11/12/2024,155,26.17,12.5,84.4,0,Vegetable,2,kg
P003,Greek Yogurt,11/12/2024,95,29.25,11.8,79,0,Vegetable,3,kg
P004,Greek Yogurt,11/12/2024,71,29.05,14.9,59.4,0,Dairy,5,liters
P005,Greek Yogurt,11/12/2024,66,36.24,11.7,86,0,Vegetable,6,kg
P006,Greek Yogurt,11/12/2024,92,34.16,24,71.6,0,Fruit,5,
P007,Greek Yogurt,11/12/2024,97,17.23,26.2,53.3,5.4,Bakery,2,
P008,Greek Yogurt,11/12/2024,37,94.59,25.1,70.4,0,Meat,3,
P009,Greek Yogurt,11/12/2024,207,21.78,21.7,56.3,7.2,Beverage,14,
P010,Greek Yogurt,11/12/2024,84,39.4,23.3,63.3,0,Dairy,4,
P001,Greek Yogurt,12/12/2024,204,25.47,13.1,52.7,0,Vegetable,7,kg
P002,Greek Yogurt,12/12/2024,101,45.91,12.5,65.3,0,Vegetable,2,kg
P003,Greek Yogurt,12/12/2024,77,22.87,13.6,75.1,0,Vegetable,3,kg
P004,Greek Yogurt,12/12/2024,97,32.33,16.3,74.5,0,Dairy,5,liters
P005,Greek Yogurt,12/12/2024,145,25.4,12.2,82.4,0,Vegetable,6,kg
P006,Greek Yogurt,12/12/2024,117,36.02,27.4,69.2,0,Fruit,5,
P007,Greek Yogurt,12/12/2024,107,18.02,23.3,51.3,0,Bakery,2,
P008,Greek Yogurt,12/12/2024,91,94.59,27.6,67.2,0,Meat,3,
P009,Greek Yogurt,12/12/2024,218,20.86,25.7,53.2,0,Beverage,14,
P010,Greek Yogurt,12/12/2024,119,42.95,24,59.4,0,Dairy,4,
P001,Greek Yogurt,13/12/2024,249,14.39,16.7,84.8,0,Vegetable,7,kg
P002,Greek Yogurt,13/12/2024,95,15.8,13.4,76.2,0,Vegetable,2,kg
P003,Greek Yogurt,13/12/2024,170,34,12.6,89,0,Vegetable,3,kg
P004,Greek Yogurt,13/12/2024,113,34.81,10.9,72.2,0,Dairy,5,liters
P005,Greek Yogurt,13/12/2024,51,19.58,13.7,62,0,Vegetable,6,kg
P006,Greek Yogurt,13/12/2024,107,34.87,24.4,62.6,0,Fruit,5,
P007,Greek Yogurt,13/12/2024,133,16.49,26.6,60.6,0,Bakery,2,
P008,Greek Yogurt,13/12/2024,53,94.43,25.5,74.2,11.3,Meat,3,
P009,Greek Yogurt,13/12/2024,184,20.15,25.2,54.6,0,Beverage,14,
P010,Greek Yogurt,13/12/2024,103,43.82,26.2,56.7,10.6,Dairy,4,
P001,Greek Yogurt,14/12/2024,134,28.28,16,75.2,0,Vegetable,7,kg
P002,Greek Yogurt,14/12/2024,69,14.15,15.9,64.4,0,Vegetable,2,kg
P003,Greek Yogurt,14/12/2024,87,8.91,13.7,62.8,0,Vegetable,3,kg
P004,Greek Yogurt,14/12/2024,156,22.69,16.5,81.3,0,Dairy,5,liters
P005,Greek Yogurt,14/12/2024,78,33.1,16.3,77.5,9.2,Vegetable,6,kg
P006,Greek Yogurt,14/12/2024,98,36.56,23.9,68.8,0,Fruit,5,
P007,Greek Yogurt,14/12/2024,111,17.88,27,53.7,0,Bakery,2,
P008,Greek Yogurt,14/12/2024,64,95.95,28.3,71.9,0,Meat,3,
P009,Greek Yogurt,14/12/2024,202,22.54,25.2,51.6,16.4,Beverage,14,
P010,Greek Yogurt,14/12/2024,132,41.91,24.5,60.7,0,Dairy,4,
P001,Greek Yogurt,15/12/2024,52,32.44,16.6,64.7,0,Vegetable,7,kg
P002,Greek Yogurt,15/12/2024,53,15.64,16.6,73,0,Vegetable,2,kg
P003,Greek Yogurt,15/12/2024,78,44.09,15.6,59.4,0,Vegetable,3,kg
P004,Greek Yogurt,15/12/2024,213,40.34,12.1,79,7.5,Dairy,5,liters
P005,Greek Yogurt,15/12/2024,114,40.7,14.1,84.4,0,Vegetable,6,kg
P006,Greek Yogurt,15/12/2024,87,33.83,26.3,71,0,Fruit,5,
P007,Greek Yogurt,15/12/2024,125,18.72,23.8,53.6,0,Bakery,2,
P008,Greek Yogurt,15/12/2024,59,94.28,25.4,70.9,0,Meat,3,
P009,Greek Yogurt,15/12/2024,190,21.92,26.8,54.2,0,Beverage,14,
P010,Greek Yogurt,15/12/2024,109,41.6,24,62.4,0,Dairy,4,
P001,Greek Yogurt,16/12/2024,11,34.92,13.8,76.1,0,Vegetable,7,kg
P002,Greek Yogurt,16/12/2024,150,38.39,17.3,54.6,0,Vegetable,2,kg
P003,Greek Yogurt,16/12/2024,140,17.91,15.1,55.8,0,Vegetable,3,kg
P004,Greek Yogurt,16/12/2024,191,34.01,12.7,73.4,0,Dairy,5,liters
P005,Greek Yogurt,16/12/2024,81,12.7,16.7,73.7,0,Vegetable,6,kg
P006,Greek Yogurt,16/12/2024,116,34.72,29.1,66,0,Fruit,5,
P007,Greek Yogurt,16/12/2024,115,17.28,23.4,59,0,Bakery,2,
P008,Greek Yogurt,16/12/2024,48,96.16,25.8,66.4,0,Meat,3,
P009,Greek Yogurt,16/12/2024,190,22.58,22,53.6,0,Beverage,14,
P010,Greek Yogurt,16/12/2024,97,41.1,27.1,55.2,0,Dairy,4,
P001,Greek Yogurt,17/12/2024,167,23.85,14.8,66.8,17.7,Vegetable,7,kg
P002,Greek Yogurt,17/12/2024,161,35.71,16,80.8,0,Vegetable,2,kg
P003,Greek Yogurt,17/12/2024,96,41.37,14.7,79.9,0,Vegetable,3,kg
P004,Greek Yogurt,17/12/2024,155,15.16,13.2,52.3,0,Dairy,5,liters
P005,Greek Yogurt,17/12/2024,141,36.11,16.1,79.1,18.1,Vegetable,6,kg
P006,Greek Yogurt,17/12/2024,110,33.83,25.2,68.8,0,Fruit,5,
P007,Greek Yogurt,17/12/2024,108,19.37,27.2,53.5,0,Bakery,2,
P008,Greek Yogurt,17/12/2024,56,96.42,24.8,72.9,0,Meat,3,
P009,Greek Yogurt,17/12/2024,206,21.75,22.3,46.1,0,Beverage,14,
P010,Greek Yogurt,17/12/2024,125,43.13,23.3,63.1,8.8,Dairy,4,
P001,Greek Yogurt,18/12/2024,74,25.15,17.1,74.9,12.4,Vegetable,7,kg
P002,Greek Yogurt,18/12/2024,106,40.03,14.6,74.1,0,Vegetable,2,kg
P003,Greek Yogurt,18/12/2024,98,17.29,12.9,80.9,0,Vegetable,3,kg
P004,Greek Yogurt,18/12/2024,69,27.04,14.9,62.2,0,Dairy,5,liters
P005,Greek Yogurt,18/12/2024,125,0.99,17.1,73.6,10.9,Vegetable,6,kg
P006,Greek Yogurt,18/12/2024,77,35.06,27.7,62.1,3.2,Fruit,5,
P007,Greek Yogurt,18/12/2024,162,19.55,26.6,57.3,0,Bakery,2,
P008,Greek Yogurt,18/12/2024,59,93.78,28.6,74.8,0,Meat,3,
P009,Greek Yogurt,18/12/2024,182,23.23,26.3,54.6,0,Beverage,14,
P010,Greek Yogurt,18/12/2024,93,41.51,28.3,59.2,0,Dairy,4,
P001,Greek Yogurt,19/12/2024,162,13.02,14.8,78.8,13.5,Vegetable,7,kg
P002,Greek Yogurt,19/12/2024,122,15.98,16.3,54.4,12.8,Vegetable,2,kg
P003,Greek Yogurt,19/12/2024,102,7.06,13.7,71.4,0,Vegetable,3,kg
P004,Greek Yogurt,19/12/2024,190,48.07,15.3,51.4,0,Dairy,5,liters
P005,Greek Yogurt,19/12/2024,183,31.98,17.2,57.9,14.7,Vegetable,6,kg
P006,Greek Yogurt,19/12/2024,123,33.64,24.3,62.6,0,Fruit,5,
P007,Greek Yogurt,19/12/2024,128,19.04,25.3,50.8,0,Bakery,2,
P008,Greek Yogurt,19/12/2024,52,95.14,27,76.1,0,Meat,3,
P009,Greek Yogurt,19/12/2024,241,21.63,23.9,49.6,3.7,Beverage,14,
P010,Greek Yogurt,19/12/2024,113,42.03,24.2,63.1,0,Dairy,4,
P001,Greek Yogurt,20/12/2024,123,20.08,16.6,52.2,3.7,Vegetable,7,kg
P002,Greek Yogurt,20/12/2024,115,54.76,17.8,72.7,0,Vegetable,2,kg
P003,Greek Yogurt,20/12/2024,61,17.09,13.1,64.9,0,Vegetable,3,kg
P004,Greek Yogurt,20/12/2024,152,32.29,11.4,65.5,0,Dairy,5,liters
P005,Greek Yogurt,20/12/2024,130,42,13,84,0,Vegetable,6,kg
P006,Greek Yogurt,20/12/2024,73,34.17,28.3,62.1,0,Fruit,5,
P007,Greek Yogurt,20/12/2024,131,18.45,25.7,50.7,0,Bakery,2,
P008,Greek Yogurt,20/12/2024,65,93.71,25,70.9,0,Meat,3,
P009,Greek Yogurt,20/12/2024,191,22.29,24.7,52.2,5.7,Beverage,14,
P010,Greek Yogurt,20/12/2024,144,43.67,25.8,64,0,Dairy,4,
P001,Greek Yogurt,21/12/2024,147,43.5,18.5,73.3,0,Vegetable,7,kg
P002,Greek Yogurt,21/12/2024,162,26.88,16.1,78.1,0,Vegetable,2,kg
P003,Greek Yogurt,21/12/2024,165,27.14,15.9,55.1,0,Vegetable,3,kg
P004,Greek Yogurt,21/12/2024,100,8.71,12.1,62.8,0,Dairy,5,liters
P005,Greek Yogurt,21/12/2024,103,33.71,13.5,52,0,Vegetable,6,kg
P006,Greek Yogurt,21/12/2024,98,32.97,26.9,67.8,7.7,Fruit,5,
P007,Greek Yogurt,21/12/2024,126,18.89,23.6,50.5,11.7,Bakery,2,
P008,Greek Yogurt,21/12/2024,60,92.84,28.2,72.8,0,Meat,3,
P009,Greek Yogurt,21/12/2024,196,21.93,23.4,46.4,0,Beverage,14,
P010,Greek Yogurt,21/12/2024,120,44.12,28.6,59.6,0,Dairy,4,
P001,Greek Yogurt,22/12/2024,52,29.39,18.4,89.5,0,Vegetable,7,kg
P002,Greek Yogurt,22/12/2024,160,35.66,16.1,53.1,0,Vegetable,2,kg
P003,Greek Yogurt,22/12/2024,61,27.55,12.8,58.7,0,Vegetable,3,kg
P004,Greek Yogurt,22/12/2024,136,28.56,13.6,58.1,0,Dairy,5,liters
P005,Greek Yogurt,22/12/2024,191,36.95,12.1,53.4,11.3,Vegetable,6,kg
P006,Greek Yogurt,22/12/2024,97,35.27,28.8,68.6,0,Fruit,5,
P007,Greek Yogurt,22/12/2024,108,16.98,26.4,58.9,0,Bakery,2,
P008,Greek Yogurt,22/12/2024,68,95.34,28.6,70.1,0,Meat,3,
P009,Greek Yogurt,22/12/2024,204,21.36,25.4,48.3,15,Beverage,14,
P010,Greek Yogurt,22/12/2024,104,41.71,28.2,65.5,3.6,Dairy,4,
P001,Greek Yogurt,23/12/2024,217,29.86,18.8,81.9,0,Vegetable,7,kg
P002,Greek Yogurt,23/12/2024,199,15.57,15.5,75.2,0,Vegetable,2,kg
P003,Greek Yogurt,23/12/2024,138,32.29,15.6,72.4,0,Vegetable,3,kg
P004,Greek Yogurt,23/12/2024,123,39.72,11,80.9,0,Dairy,5,liters
P005,Greek Yogurt,23/12/2024,80,32.16,12.4,74.2,10.2,Vegetable,6,kg
P006,Greek Yogurt,23/12/2024,95,34.67,29.2,63.2,0,Fruit,5,
P007,Greek Yogurt,23/12/2024,116,17.75,25.8,61.5,0,Bakery,2,
P008,Greek Yogurt,23/12/2024,69,94.56,27.2,69.7,7.9,Meat,3,
P009,Greek Yogurt,23/12/2024,222,22.49,22.6,45.4,0,Beverage,14,
P010,Greek Yogurt,23/12/2024,109,41.51,27.1,61.1,0,Dairy,4,
P001,Greek Yogurt,24/12/2024,170,36.82,13.5,54.8,0,Vegetable,7,kg
P002,Greek Yogurt,24/12/2024,177,31.61,16.3,50.6,0,Vegetable,2,kg
P003,Greek Yogurt,24/12/2024,38,40.81,13.7,73.8,0,Vegetable,3,kg
P004,Greek Yogurt,24/12/2024,129,35.62,14.8,60.8,0,Dairy,5,liters
P005,Greek Yogurt,24/12/2024,148,24.22,13.9,72.9,18.2,Vegetable,6,kg
P006,Greek Yogurt,24/12/2024,99,34.77,24.1,70.2,8.3,Fruit,5,
P007,Greek Yogurt,24/12/2024,159,18.23,26.3,51.3,0,Bakery,2,
P008,Greek Yogurt,24/12/2024,23,94.01,24.4,71.2,0,Meat,3,
P009,Greek Yogurt,24/12/2024,201,22.98,25.8,51.7,0,Beverage,14,
P010,Greek Yogurt,24/12/2024,91,41.64,24.9,57,12.4,Dairy,4,
P001,Greek Yogurt,25/12/2024,219,37.57,18.9,73.5,7.7,Vegetable,7,kg
P002,Greek Yogurt,25/12/2024,112,16.9,14.5,78,0,Vegetable,2,kg
P003,Greek Yogurt,25/12/2024,178,23.43,15.3,82.9,0,Vegetable,3,kg
P004,Greek Yogurt,25/12/2024,119,21.04,15.3,50.5,0,Dairy,5,liters
P005,Greek Yogurt,25/12/2024,80,27.57,13.4,83.9,0,Vegetable,6,kg
P006,Greek Yogurt,25/12/2024,66,34.34,24,65.8,0,Fruit,5,
P007,Greek Yogurt,25/12/2024,144,16.86,22.6,53,0,Bakery,2,
P008,Greek Yogurt,25/12/2024,84,94.15,29.8,65.4,0,Meat,3,
P009,Greek Yogurt,25/12/2024,222,23.56,26.3,55.3,0,Beverage,14,
P010,Greek Yogurt,25/12/2024,114,42.42,25.9,56.9,0,Dairy,4,
P001,Greek Yogurt,26/12/2024,62,18.01,18.8,66.2,0,Vegetable,7,kg
P002,Greek Yogurt,26/12/2024,71,39.57,12.5,55,0,Vegetable,2,kg
P003,Greek Yogurt,26/12/2024,159,45.76,16.1,84.8,0,Vegetable,3,kg
P004,Greek Yogurt,26/12/2024,70,41.83,15.8,76.1,15.8,Dairy,5,liters
P005,Greek Yogurt,26/12/2024,161,22.08,17.2,62,0,Vegetable,6,kg
P006,Greek Yogurt,26/12/2024,102,32.99,24.6,68.8,0,Fruit,5,
P007,Greek Yogurt,26/12/2024,101,18.43,26.3,61.8,0,Bakery,2,
P008,Greek Yogurt,26/12/2024,67,95.73,25.7,67.1,10.4,Meat,3,
P009,Greek Yogurt,26/12/2024,194,22.31,23.1,45.1,0,Beverage,14,
P010,Greek Yogurt,26/12/2024,120,42.06,23,56.3,6.8,Dairy,4,
P001,Greek Yogurt,27/12/2024,127,2.48,15.6,81.2,0,Vegetable,7,kg
P002,Greek Yogurt,27/12/2024,117,28.28,13.7,73,15.1,Vegetable,2,kg
P003,Greek Yogurt,27/12/2024,146,3.22,15,85.2,0,Vegetable,3,kg
P004,Greek Yogurt,27/12/2024,94,22.89,12,79.5,0,Dairy,5,liters
P005,Greek Yogurt,27/12/2024,84,16.94,14.6,78.6,9.9,Vegetable,6,kg
P006,Greek Yogurt,27/12/2024,105,36.81,29.1,70.3,0,Fruit,5,
P007,Greek Yogurt,27/12/2024,89,18.19,22.7,54.8,0,Bakery,2,
P008,Greek Yogurt,27/12/2024,57,95.56,29.2,72.9,0,Meat,3,
P009,Greek Yogurt,27/12/2024,196,20.24,22.4,47.2,21,Beverage,14,
P010,Greek Yogurt,27/12/2024,124,39.86,23.1,61.3,13.8,Dairy,4,
P001,Greek Yogurt,28/12/2024,65,23.77,18,75.6,6.5,Vegetable,7,kg
P002,Greek Yogurt,28/12/2024,152,38.04,15.6,86.7,0,Vegetable,2,kg
P003,Greek Yogurt,28/12/2024,167,49.05,16.8,68.2,0,Vegetable,3,kg
P004,Greek Yogurt,28/12/2024,118,31.28,14.9,55.4,11.3,Dairy,5,liters
P005,Greek Yogurt,28/12/2024,166,35.12,17.1,88.3,0,Vegetable,6,kg
P006,Greek Yogurt,28/12/2024,122,33.5,26.3,60.3,0,Fruit,5,
P007,Greek Yogurt,28/12/2024,110,15.86,22.9,54.7,0,Bakery,2,
P008,Greek Yogurt,28/12/2024,68,95.52,29.2,70.2,0,Meat,3,
P009,Greek Yogurt,28/12/2024,230,22.19,21.8,50.8,0,Beverage,14,
P010,Greek Yogurt,28/12/2024,116,41.48,23.7,63.2,0,Dairy,4,
P001,Greek Yogurt,29/12/2024,89,24.8,14.5,70.4,0,Vegetable,7,kg
P002,Greek Yogurt,29/12/2024,5,34.08,14.9,59.2,0,Vegetable,2,kg
P003,Greek Yogurt,29/12/2024,94,30.71,15.1,75.1,11.3,Vegetable,3,kg
P004,Greek Yogurt,29/12/2024,68,48.88,15.6,52.2,0,Dairy,5,liters
P005,Greek Yogurt,29/12/2024,164,7.91,15,54.6,0,Vegetable,6,kg
P006,Greek Yogurt,29/12/2024,115,35.27,23.9,62.3,0,Fruit,5,
P007,Greek Yogurt,29/12/2024,157,18.48,27.1,51.1,0,Bakery,2,
P008,Greek Yogurt,29/12/2024,58,94.9,27.4,74.9,0,Meat,3,
P009,Greek Yogurt,29/12/2024,198,21.1,24.5,55.4,2.6,Beverage,14,
P010,Greek Yogurt,29/12/2024,134,41.09,27.1,56.3,0,Dairy,4,
P001,Greek Yogurt,30/12/2024,80,22.16,16.3,68.4,0,Vegetable,7,kg
P002,Greek Yogurt,30/12/2024,151,15.42,18.1,78.2,0,Vegetable,2,kg
P003,Greek Yogurt,30/12/2024,198,26.8,17.3,86.5,18.6,Vegetable,3,kg
P004,Greek Yogurt,30/12/2024,120,30.1,12.5,66.6,0,Dairy,5,liters
P005,Greek Yogurt,30/12/2024,88,27.49,16.2,57,0,Vegetable,6,kg
P006,Greek Yogurt,30/12/2024,66,33.17,26.2,68.9,0,Fruit,5,
P007,Greek Yogurt,30/12/2024,152,16.75,24.4,56.8,12.8,Bakery,2,
P008,Greek Yogurt,30/12/2024,52,95.54,28.2,75.3,0,Meat,3,
P009,Greek Yogurt,30/12/2024,224,22.99,25.9,54,0,Beverage,14,
P010,Greek Yogurt,30/12/2024,100,42.34,27.5,63.9,0,Dairy,4,
P001,Greek Yogurt,31/12/2024,164,41.68,18.6,70.5,0,Vegetable,7,kg
P002,Greek Yogurt,31/12/2024,159,12.98,17.2,88.2,0,Vegetable,2,kg
P003,Greek Yogurt,31/12/2024,164,24.93,12,55.3,16.3,Vegetable,3,kg
P004,Greek Yogurt,31/12/2024,179,25.94,14.7,53.3,0,Dairy,5,liters
P005,Greek Yogurt,31/12/2024,71,22.68,14.9,75.8,0,Vegetable,6,kg
P006,Greek Yogurt,31/12/2024,89,35.45,25.7,68.3,0,Fruit,5,
P007,Greek Yogurt,31/12/2024,140,17.44,27.8,58.8,0,Bakery,2,
P008,Greek Yogurt,31/12/2024,64,94.86,24.5,65.9,3.1,Meat,3,
P009,Greek Yogurt,31/12/2024,183,20.59,22.5,46.6,0,Beverage,14,
P010,Greek Yogurt,31/12/2024,100,42.79,27.4,59.7,3.9,Dairy,4,
